Units,Maneuvers,Probability,Fill,Avg time,Min Time,Max Time,Solution type,Avg solution,Avg iterations,Avg nodes,Avg cuts Clique,Avg cuts Cover,Avg cuts Disjunctive,Avg cuts Flow cover,Avg cuts Gomory,Avg cuts GUB,Avg cuts zero-half,Avg cuts lift and projects,Total avg cuts
10.0,3.0,0.5999999999999999,0.09999999999999999,0.008197474479675292,0.006000518798828125,0.013000726699829102,integer optimal solution,2.0,6.6,0.0,0.0,0.0,0.0,0.0,0.0,0.0,0.0,0.0,0.0
10.0,3.0,0.6,0.2,0.005499839782714844,0.0049991607666015625,0.0060007572174072266,integer infeasible,0.0,0.0,0.0,0.0,0.0,0.0,0.0,0.0,0.0,0.0,0.0,0.0
10.0,3.0,0.6,0.19999999999999998,0.006334424018859863,0.004999399185180664,0.010000944137573242,integer optimal solution,1.8333333333333333,1.8333333333333333,0.0,0.0,0.0,0.0,0.0,0.0,0.0,0.0,0.0,0.0
10.0,3.0,0.5999999999999999,0.29999999999999993,0.007900071144104005,0.006999969482421875,0.010000228881835938,integer infeasible,0.0,0.0,0.0,0.0,0.0,0.0,0.0,0.0,0.0,0.0,0.0,0.0
10.0,3.0,0.5999999999999999,0.39999999999999997,0.006999683380126953,0.005997657775878906,0.011000871658325195,integer infeasible,0.0,0.0,0.0,0.0,0.0,0.0,0.0,0.0,0.0,0.0,0.0,0.0
10.0,3.0,0.5999999999999999,0.5,0.006100749969482422,0.005996227264404297,0.006999969482421875,integer infeasible,0.0,0.0,0.0,0.0,0.0,0.0,0.0,0.0,0.0,0.0,0.0,0.0
10.0,3.0,0.5999999999999999,0.5999999999999999,0.007899093627929687,0.005995273590087891,0.01099705696105957,integer infeasible,0.0,0.0,0.0,0.0,0.0,0.0,0.0,0.0,0.0,0.0,0.0,0.0
10.0,3.0,0.5999999999999999,0.7000000000000001,0.009899544715881347,0.007997989654541016,0.01399993896484375,integer infeasible,0.0,0.0,0.0,0.0,0.0,0.0,0.0,0.0,0.0,0.0,0.0,0.0
10.0,3.0,0.5999999999999999,0.7999999999999999,0.009995651245117188,0.007966041564941406,0.011998891830444336,integer infeasible,0.0,0.0,0.0,0.0,0.0,0.0,0.0,0.0,0.0,0.0,0.0,0.0
10.0,3.0,0.5999999999999999,0.9000000000000001,0.007703566551208496,0.00699925422668457,0.009000062942504883,integer infeasible,0.0,0.0,0.0,0.0,0.0,0.0,0.0,0.0,0.0,0.0,0.0,0.0
10.0,3.0,0.7999999999999999,0.09999999999999999,0.009099078178405762,0.005997657775878906,0.013997554779052734,integer optimal solution,2.5,25.4,0.0,0.0,0.0,0.0,0.0,0.0,0.0,0.0,0.0,0.0
10.0,3.0,0.8,0.2,0.006600809097290039,0.00599980354309082,0.0070035457611083984,integer optimal solution,2.0,0.0,0.0,0.0,0.0,0.0,0.0,0.0,0.0,0.0,0.0,0.0
10.0,3.0,0.8,0.2,0.005799627304077149,0.004998683929443359,0.006000995635986328,integer infeasible,0.0,0.0,0.0,0.0,0.0,0.0,0.0,0.0,0.0,0.0,0.0,0.0
10.0,3.0,0.7999999999999999,0.29999999999999993,0.00549931526184082,0.0040013790130615234,0.006001472473144531,integer infeasible,0.0,0.0,0.0,0.0,0.0,0.0,0.0,0.0,0.0,0.0,0.0,0.0
10.0,3.0,0.7999999999999999,0.39999999999999997,0.0077037811279296875,0.005999326705932617,0.010004520416259766,integer infeasible,0.0,0.0,0.0,0.0,0.0,0.0,0.0,0.0,0.0,0.0,0.0,0.0
10.0,3.0,0.7999999999999999,0.5,0.0066997289657592775,0.004999876022338867,0.009999990463256836,integer infeasible,0.0,0.0,0.0,0.0,0.0,0.0,0.0,0.0,0.0,0.0,0.0,0.0
10.0,3.0,0.7999999999999999,0.5999999999999999,0.0067996978759765625,0.005998849868774414,0.009001970291137695,integer infeasible,0.0,0.0,0.0,0.0,0.0,0.0,0.0,0.0,0.0,0.0,0.0,0.0
10.0,3.0,0.7999999999999999,0.7000000000000001,0.007999420166015625,0.0060007572174072266,0.010000228881835938,integer infeasible,0.0,0.0,0.0,0.0,0.0,0.0,0.0,0.0,0.0,0.0,0.0,0.0
10.0,3.0,0.7999999999999999,0.7999999999999999,0.008903884887695312,0.007999420166015625,0.01000070571899414,integer infeasible,0.0,0.0,0.0,0.0,0.0,0.0,0.0,0.0,0.0,0.0,0.0,0.0
10.0,3.0,0.7999999999999999,0.9000000000000001,0.008499526977539062,0.0069997310638427734,0.010000944137573242,integer infeasible,0.0,0.0,0.0,0.0,0.0,0.0,0.0,0.0,0.0,0.0,0.0,0.0
10.0,3.0,1.0,0.09999999999999999,0.006291890144348144,0.005000591278076172,0.00802755355834961,integer optimal solution,1.8,3.3,0.0,0.0,0.0,0.0,0.0,0.0,0.0,0.0,0.0,0.0
10.0,3.0,1.0,0.2,0.00559687614440918,0.003994464874267578,0.007000446319580078,integer infeasible,0.0,0.0,0.0,0.0,0.0,0.0,0.0,0.0,0.0,0.0,0.0,0.0
10.0,3.0,1.0,0.2,0.005999374389648438,0.004996538162231445,0.00700068473815918,integer optimal solution,2.0,0.0,0.0,0.0,0.0,0.0,0.0,0.0,0.0,0.0,0.0,0.0
10.0,3.0,1.0,0.3,0.0058898131052653,0.004998207092285156,0.0070002079010009766,integer infeasible,0.0,0.0,0.0,0.0,0.0,0.0,0.0,0.0,0.0,0.0,0.0,0.0
10.0,3.0,1.0,0.3,0.006002664566040039,0.006002664566040039,0.006002664566040039,integer optimal solution,1.0,0.0,0.0,0.0,0.0,0.0,0.0,0.0,0.0,0.0,0.0,0.0
10.0,3.0,1.0,0.39999999999999997,0.0055999279022216795,0.004999399185180664,0.006001472473144531,integer infeasible,0.0,0.0,0.0,0.0,0.0,0.0,0.0,0.0,0.0,0.0,0.0,0.0
10.0,3.0,1.0,0.5,0.006400680541992188,0.005996227264404297,0.0070018768310546875,integer infeasible,0.0,0.0,0.0,0.0,0.0,0.0,0.0,0.0,0.0,0.0,0.0,0.0
10.0,3.0,1.0,0.5999999999999999,0.007194375991821289,0.005999088287353516,0.010000228881835938,integer infeasible,0.0,0.0,0.0,0.0,0.0,0.0,0.0,0.0,0.0,0.0,0.0,0.0
10.0,3.0,1.0,0.7000000000000001,0.007100319862365723,0.0060002803802490234,0.008002042770385742,integer infeasible,0.0,0.0,0.0,0.0,0.0,0.0,0.0,0.0,0.0,0.0,0.0,0.0
10.0,3.0,1.0,0.7999999999999999,0.00760042667388916,0.006998777389526367,0.00899815559387207,integer infeasible,0.0,0.0,0.0,0.0,0.0,0.0,0.0,0.0,0.0,0.0,0.0,0.0
10.0,3.0,1.0,0.9000000000000001,0.007905173301696777,0.006999969482421875,0.009053230285644531,integer infeasible,0.0,0.0,0.0,0.0,0.0,0.0,0.0,0.0,0.0,0.0,0.0,0.0
10.0,5.0,0.5999999999999999,0.09999999999999999,0.010908937454223633,0.007002830505371094,0.027001619338989258,integer optimal solution,2.1,8.0,0.0,0.0,0.0,0.0,0.0,0.0,0.0,0.0,0.0,0.0
10.0,5.0,0.5999999999999999,0.19999999999999998,0.03900160789489746,0.011003971099853516,0.10300040245056152,integer optimal solution,3.0,63.4,0.0,0.7,0.0,0.0,0.0,0.7,0.0,3.7,0.4,5.5
10.0,5.0,0.6,0.3,0.023375988006591797,0.01099848747253418,0.0969991683959961,integer optimal solution,2.25,22.75,0.0,0.375,0.0,0.0,0.0,0.375,0.0,1.375,0.0,2.125
10.0,5.0,0.6,0.3,0.012500882148742676,0.009998321533203125,0.015003442764282227,integer infeasible,0.0,0.0,0.0,0.0,0.0,0.0,0.0,0.0,0.0,0.0,0.0,0.0
10.0,5.0,0.5999999999999999,0.39999999999999997,0.01309950351715088,0.011946439743041992,0.015994548797607422,integer infeasible,0.0,0.0,0.0,0.0,0.0,0.0,0.0,0.0,0.0,0.0,0.0,0.0
10.0,5.0,0.5999999999999999,0.5,0.014602303504943848,0.013000249862670898,0.015028238296508789,integer infeasible,0.0,0.0,0.0,0.0,0.0,0.0,0.0,0.0,0.0,0.0,0.0,0.0
10.0,5.0,0.5999999999999999,0.5999999999999999,0.015999841690063476,0.014998435974121094,0.0189971923828125,integer infeasible,0.0,0.0,0.0,0.0,0.0,0.0,0.0,0.0,0.0,0.0,0.0,0.0
10.0,5.0,0.5999999999999999,0.7000000000000001,0.016600751876831056,0.0149993896484375,0.019002437591552734,integer infeasible,0.0,0.0,0.0,0.0,0.0,0.0,0.0,0.0,0.0,0.0,0.0,0.0
10.0,5.0,0.5999999999999999,0.7999999999999999,0.017591142654418947,0.01500082015991211,0.020940303802490234,integer infeasible,0.0,0.0,0.0,0.0,0.0,0.0,0.0,0.0,0.0,0.0,0.0,0.0
10.0,5.0,0.5999999999999999,0.9000000000000001,0.01810154914855957,0.016998291015625,0.01899886131286621,integer infeasible,0.0,0.0,0.0,0.0,0.0,0.0,0.0,0.0,0.0,0.0,0.0,0.0
10.0,5.0,0.7999999999999999,0.09999999999999999,0.009200000762939453,0.007001638412475586,0.012000560760498047,integer optimal solution,2.1,6.8,0.0,0.0,0.0,0.0,0.0,0.0,0.0,0.0,0.0,0.0
10.0,5.0,0.7999999999999999,0.19999999999999998,0.018691754341125487,0.010002374649047852,0.032991886138916016,integer optimal solution,3.0,71.5,0.0,0.6,0.0,0.0,0.0,0.5,0.0,3.8,0.4,5.3
10.0,5.0,0.7999999999999999,0.3,0.013889630635579428,0.010000467300415039,0.02400374412536621,integer optimal solution,2.3333333333333335,15.666666666666666,0.0,0.7777777777777778,0.0,0.0,0.0,0.3333333333333333,0.0,0.3333333333333333,0.0,1.4444444444444444
10.0,5.0,0.8,0.3,0.012000322341918945,0.012000322341918945,0.012000322341918945,integer infeasible,0.0,0.0,0.0,0.0,0.0,0.0,0.0,0.0,0.0,0.0,0.0,0.0
10.0,5.0,0.7999999999999999,0.39999999999999997,0.013110611173841689,0.012000083923339844,0.014000654220581055,integer infeasible,0.0,0.0,0.0,0.0,0.0,0.0,0.0,0.0,0.0,0.0,0.0,0.0
10.0,5.0,0.8,0.4,0.012000799179077148,0.012000799179077148,0.012000799179077148,integer optimal solution,2.0,0.0,0.0,0.0,0.0,0.0,0.0,0.0,0.0,0.0,0.0,0.0
10.0,5.0,0.7999999999999999,0.5,0.014799928665161133,0.013999223709106445,0.017000913619995117,integer infeasible,0.0,0.0,0.0,0.0,0.0,0.0,0.0,0.0,0.0,0.0,0.0,0.0
10.0,5.0,0.7999999999999999,0.5999999999999999,0.016601085662841797,0.014000415802001953,0.01896953582763672,integer infeasible,0.0,0.0,0.0,0.0,0.0,0.0,0.0,0.0,0.0,0.0,0.0,0.0
10.0,5.0,0.7999999999999999,0.7000000000000001,0.01640026569366455,0.014998912811279297,0.01799488067626953,integer infeasible,0.0,0.0,0.0,0.0,0.0,0.0,0.0,0.0,0.0,0.0,0.0,0.0
10.0,5.0,0.7999999999999999,0.7999999999999999,0.017501044273376464,0.014998674392700195,0.019994258880615234,integer infeasible,0.0,0.0,0.0,0.0,0.0,0.0,0.0,0.0,0.0,0.0,0.0,0.0
10.0,5.0,0.7999999999999999,0.9000000000000001,0.021106266975402833,0.017002344131469727,0.028985261917114258,integer infeasible,0.0,0.0,0.0,0.0,0.0,0.0,0.0,0.0,0.0,0.0,0.0,0.0
10.0,5.0,1.0,0.09999999999999999,0.008701515197753907,0.00800013542175293,0.010002851486206055,integer optimal solution,1.7,28.2,0.0,0.0,0.0,0.0,0.0,0.0,0.0,0.0,0.0,0.0
10.0,5.0,1.0,0.19999999999999998,0.01930084228515625,0.009002685546875,0.07199907302856445,integer optimal solution,3.5,39.3,0.0,0.7,0.0,0.0,0.0,1.1,0.0,1.9,0.3,4.0
10.0,5.0,1.0,0.3,0.012000799179077148,0.012000799179077148,0.012000799179077148,integer infeasible,0.0,0.0,0.0,0.0,0.0,0.0,0.0,0.0,0.0,0.0,0.0,0.0
10.0,5.0,1.0,0.3,0.013222297032674154,0.010996580123901367,0.01800060272216797,integer optimal solution,1.8888888888888888,2.111111111111111,0.0,0.0,0.0,0.0,0.0,0.0,0.0,0.0,0.0,0.0
10.0,5.0,1.0,0.4,0.015063285827636719,0.015063285827636719,0.015063285827636719,integer optimal solution,1.0,0.0,0.0,0.0,0.0,0.0,0.0,0.0,0.0,0.0,0.0,0.0
10.0,5.0,1.0,0.39999999999999997,0.017444160249498155,0.014998674392700195,0.023999929428100586,integer infeasible,0.0,0.0,0.0,0.0,0.0,0.0,0.0,0.0,0.0,0.0,0.0,0.0
10.0,5.0,1.0,0.5,0.01570096015930176,0.013000011444091797,0.020999670028686523,integer infeasible,0.0,0.0,0.0,0.0,0.0,0.0,0.0,0.0,0.0,0.0,0.0,0.0
10.0,5.0,1.0,0.5999999999999999,0.01599907875061035,0.015990257263183594,0.016002416610717773,integer infeasible,0.0,0.0,0.0,0.0,0.0,0.0,0.0,0.0,0.0,0.0,0.0,0.0
10.0,5.0,1.0,0.7000000000000001,0.01770162582397461,0.015999794006347656,0.01999974250793457,integer infeasible,0.0,0.0,0.0,0.0,0.0,0.0,0.0,0.0,0.0,0.0,0.0,0.0
10.0,5.0,1.0,0.7999999999999999,0.01699850559234619,0.014999866485595703,0.018003225326538086,integer infeasible,0.0,0.0,0.0,0.0,0.0,0.0,0.0,0.0,0.0,0.0,0.0,0.0
10.0,5.0,1.0,0.9000000000000001,0.018200230598449708,0.015999555587768555,0.022000789642333984,integer infeasible,0.0,0.0,0.0,0.0,0.0,0.0,0.0,0.0,0.0,0.0,0.0,0.0
10.0,7.0,0.5999999999999999,0.09999999999999999,0.010703182220458985,0.009000539779663086,0.012001991271972656,integer optimal solution,2.1,5.8,0.0,0.0,0.0,0.0,0.0,0.0,0.0,0.0,0.0,0.0
10.0,7.0,0.5999999999999999,0.19999999999999998,0.02209644317626953,0.014998197555541992,0.03699946403503418,integer optimal solution,3.6,31.4,0.0,1.5,0.0,0.0,0.0,1.1,0.0,4.3,0.5,7.4
10.0,7.0,0.5999999999999999,0.29999999999999993,0.10269608497619628,0.029997825622558594,0.17200112342834473,integer optimal solution,3.1,401.9,0.0,8.0,0.0,0.0,0.0,1.0,0.0,13.7,0.4,23.1
10.0,7.0,0.6,0.4,0.023000240325927734,0.022001981735229492,0.023998498916625977,integer infeasible,0.0,0.0,0.0,0.0,0.0,0.0,0.0,0.0,0.0,0.0,0.0,0.0
10.0,7.0,0.6,0.39999999999999997,0.12449648976325989,0.03200197219848633,0.15700340270996094,integer optimal solution,1.625,476.0,0.0,9.25,0.0,0.0,0.0,0.5,0.0,15.25,0.0,25.0
10.0,7.0,0.5999999999999999,0.5,0.024799871444702148,0.023000240325927734,0.026001930236816406,integer infeasible,0.0,0.0,0.0,0.0,0.0,0.0,0.0,0.0,0.0,0.0,0.0,0.0
10.0,7.0,0.5999999999999999,0.5999999999999999,0.028996586799621582,0.026998519897460938,0.03300213813781738,integer infeasible,0.0,0.0,0.0,0.0,0.0,0.0,0.0,0.0,0.0,0.0,0.0,0.0
10.0,7.0,0.5999999999999999,0.7000000000000001,0.030700302124023436,0.029999256134033203,0.03200244903564453,integer infeasible,0.0,0.0,0.0,0.0,0.0,0.0,0.0,0.0,0.0,0.0,0.0,0.0
10.0,7.0,0.5999999999999999,0.7999999999999999,0.03500330448150635,0.031999826431274414,0.040999412536621094,integer infeasible,0.0,0.0,0.0,0.0,0.0,0.0,0.0,0.0,0.0,0.0,0.0,0.0
10.0,7.0,0.5999999999999999,0.9000000000000001,0.03680920600891113,0.03499937057495117,0.04000210762023926,integer infeasible,0.0,0.0,0.0,0.0,0.0,0.0,0.0,0.0,0.0,0.0,0.0,0.0
10.0,7.0,0.7999999999999999,0.09999999999999999,0.011400508880615234,0.009998083114624023,0.013003826141357422,integer optimal solution,1.6,17.9,0.0,0.0,0.0,0.0,0.0,0.1,0.0,0.1,0.1,0.3
10.0,7.0,0.7999999999999999,0.19999999999999998,0.01980252265930176,0.01600170135498047,0.026993989944458008,integer optimal solution,2.6,28.2,0.0,1.2,0.0,0.0,0.0,0.4,0.0,3.7,0.3,5.6
10.0,7.0,0.7999999999999999,0.29999999999999993,0.0749929666519165,0.02399897575378418,0.15999650955200195,integer optimal solution,4.5,278.8,0.0,6.3,0.0,0.0,0.0,0.8,0.0,11.0,0.2,18.3
10.0,7.0,0.7999999999999999,0.39999999999999997,0.13528680801391602,0.04700183868408203,0.16299915313720703,integer optimal solution,1.4285714285714286,520.4285714285714,0.0,10.428571428571429,0.0,0.0,0.0,0.14285714285714285,0.0,14.857142857142858,0.2857142857142857,25.714285714285715
10.0,7.0,0.8000000000000002,0.4000000000000001,0.02299952507019043,0.021000146865844727,0.026000499725341797,integer infeasible,0.0,0.0,0.0,0.0,0.0,0.0,0.0,0.0,0.0,0.0,0.0,0.0
10.0,7.0,0.7999999999999999,0.5,0.02539808750152588,0.023999691009521484,0.027007102966308594,integer infeasible,0.0,0.0,0.0,0.0,0.0,0.0,0.0,0.0,0.0,0.0,0.0,0.0
10.0,7.0,0.7999999999999999,0.5999999999999999,0.030297231674194337,0.02696847915649414,0.03900337219238281,integer infeasible,0.0,0.0,0.0,0.0,0.0,0.0,0.0,0.0,0.0,0.0,0.0,0.0
10.0,7.0,0.7999999999999999,0.7000000000000001,0.031700968742370605,0.029998302459716797,0.03900504112243652,integer infeasible,0.0,0.0,0.0,0.0,0.0,0.0,0.0,0.0,0.0,0.0,0.0,0.0
10.0,7.0,0.7999999999999999,0.7999999999999999,0.035900449752807616,0.032000064849853516,0.04099869728088379,integer infeasible,0.0,0.0,0.0,0.0,0.0,0.0,0.0,0.0,0.0,0.0,0.0,0.0
10.0,7.0,0.7999999999999999,0.9000000000000001,0.03780221939086914,0.033994436264038086,0.04599738121032715,integer infeasible,0.0,0.0,0.0,0.0,0.0,0.0,0.0,0.0,0.0,0.0,0.0,0.0
10.0,7.0,1.0,0.09999999999999999,0.010709500312805176,0.009999275207519531,0.011999368667602539,integer optimal solution,2.0,7.4,0.0,0.0,0.0,0.0,0.0,0.1,0.0,0.3,0.1,0.5
10.0,7.0,1.0,0.19999999999999998,0.02400057315826416,0.017001867294311523,0.03399825096130371,integer optimal solution,3.6,47.1,0.0,2.2,0.0,0.0,0.0,1.5,0.0,6.9,0.9,11.5
10.0,7.0,1.0,0.29999999999999993,0.07328786849975585,0.02100205421447754,0.19199919700622559,integer optimal solution,3.2,235.5,0.0,6.4,0.0,0.0,0.0,1.3,0.0,7.8,0.0,15.5
10.0,7.0,1.0,0.4,0.023782014846801758,0.021999835968017578,0.02700185775756836,integer infeasible,0.0,0.0,0.0,0.0,0.0,0.0,0.0,0.0,0.0,0.0,0.0,0.0
10.0,7.0,1.0,0.4,0.1280003547668457,0.026000261306762695,0.17499780654907227,integer optimal solution,1.4,462.6,0.0,7.6,0.0,0.0,0.0,0.6,0.0,12.6,0.2,21.0
10.0,7.0,1.0,0.5,0.025209474563598632,0.023998498916625977,0.028002023696899414,integer infeasible,0.0,0.0,0.0,0.0,0.0,0.0,0.0,0.0,0.0,0.0,0.0,0.0
10.0,7.0,1.0,0.5999999999999999,0.02890157699584961,0.026999711990356445,0.032003164291381836,integer infeasible,0.0,0.0,0.0,0.0,0.0,0.0,0.0,0.0,0.0,0.0,0.0,0.0
10.0,7.0,1.0,0.7000000000000001,0.03141231536865234,0.029101133346557617,0.03800535202026367,integer infeasible,0.0,0.0,0.0,0.0,0.0,0.0,0.0,0.0,0.0,0.0,0.0,0.0
10.0,7.0,1.0,0.7999999999999999,0.03409731388092041,0.030999183654785156,0.03800177574157715,integer infeasible,0.0,0.0,0.0,0.0,0.0,0.0,0.0,0.0,0.0,0.0,0.0,0.0
10.0,7.0,1.0,0.9000000000000001,0.036402654647827146,0.03396129608154297,0.040001869201660156,integer infeasible,0.0,0.0,0.0,0.0,0.0,0.0,0.0,0.0,0.0,0.0,0.0,0.0
10.0,9.0,0.5999999999999999,0.09999999999999999,0.016002321243286134,0.014018535614013672,0.01900196075439453,integer optimal solution,2.4,7.3,0.0,0.0,0.0,0.0,0.0,0.1,0.0,0.1,0.1,0.3
10.0,9.0,0.5999999999999999,0.19999999999999998,0.03220987319946289,0.02103281021118164,0.04999542236328125,integer optimal solution,3.8,37.9,0.0,3.9,0.0,0.0,0.0,2.1,0.0,8.9,1.0,15.9
10.0,9.0,0.5999999999999999,0.29999999999999993,0.08168933391571045,0.03500103950500488,0.17000126838684082,integer optimal solution,3.2,225.9,0.0,7.1,0.0,0.0,0.0,1.1,0.0,10.8,0.6,19.6
10.0,9.0,0.5999999999999999,0.39999999999999997,0.1257944345474243,0.039000749588012695,0.16700077056884766,integer optimal solution,3.0,371.1,0.0,14.0,0.0,0.0,0.0,0.4,0.0,15.2,0.1,29.7
10.0,9.0,0.6,0.5,0.041130393743515015,0.03699922561645508,0.048999786376953125,integer infeasible,0.0,0.0,0.0,0.0,0.0,0.0,0.0,0.0,0.0,0.0,0.0,0.0
10.0,9.0,0.6,0.5,0.16650068759918213,0.16499900817871094,0.16800236701965332,integer optimal solution,1.0,483.0,0.0,27.0,0.0,0.0,0.0,0.0,0.0,20.0,0.0,47.0
10.0,9.0,0.5999999999999999,0.5999999999999999,0.04580466747283936,0.042987823486328125,0.05499744415283203,integer infeasible,0.0,0.0,0.0,0.0,0.0,0.0,0.0,0.0,0.0,0.0,0.0,0.0
10.0,9.0,0.5999999999999999,0.7000000000000001,0.050697493553161624,0.04800009727478027,0.057999372482299805,integer infeasible,0.0,0.0,0.0,0.0,0.0,0.0,0.0,0.0,0.0,0.0,0.0,0.0
10.0,9.0,0.5999999999999999,0.7999999999999999,0.06008479595184326,0.051963090896606445,0.06699824333190918,integer infeasible,0.0,0.0,0.0,0.0,0.0,0.0,0.0,0.0,0.0,0.0,0.0,0.0
10.0,9.0,0.5999999999999999,0.9000000000000001,0.05989375114440918,0.054001808166503906,0.06599974632263184,integer infeasible,0.0,0.0,0.0,0.0,0.0,0.0,0.0,0.0,0.0,0.0,0.0,0.0
10.0,9.0,0.7999999999999999,0.09999999999999999,0.01539762020111084,0.01399993896484375,0.01699972152709961,integer optimal solution,1.9,16.3,0.0,0.0,0.0,0.0,0.0,0.0,0.0,0.0,0.0,0.0
10.0,9.0,0.7999999999999999,0.19999999999999998,0.0312044620513916,0.022032499313354492,0.038033246994018555,integer optimal solution,3.4,41.7,0.0,2.9,0.0,0.0,0.0,1.2,0.0,5.5,0.3,9.9
10.0,9.0,0.7999999999999999,0.29999999999999993,0.06670980453491211,0.037049293518066406,0.1419990062713623,integer optimal solution,4.0,168.1,0.0,8.9,0.0,0.0,0.0,1.8,0.0,8.9,0.3,19.9
10.0,9.0,0.7999999999999999,0.39999999999999997,0.15460031032562255,0.05299973487854004,0.19700288772583008,integer optimal solution,2.3,439.4,0.0,17.0,0.0,0.0,0.0,0.5,0.0,17.8,0.4,35.7
10.0,9.0,0.7999999999999999,0.5,0.04055245717366537,0.0389704704284668,0.045999765396118164,integer infeasible,0.0,0.0,0.0,0.0,0.0,0.0,0.0,0.0,0.0,0.0,0.0,0.0
10.0,9.0,0.8,0.5,0.15100479125976562,0.15100479125976562,0.15100479125976562,integer optimal solution,1.0,462.0,0.0,21.0,0.0,0.0,0.0,0.0,0.0,18.0,0.0,39.0
10.0,9.0,0.7999999999999999,0.5999999999999999,0.04979708194732666,0.043000221252441406,0.06296992301940918,integer infeasible,0.0,0.0,0.0,0.0,0.0,0.0,0.0,0.0,0.0,0.0,0.0,0.0
10.0,9.0,0.7999999999999999,0.7000000000000001,0.04880001544952393,0.04699850082397461,0.052000999450683594,integer infeasible,0.0,0.0,0.0,0.0,0.0,0.0,0.0,0.0,0.0,0.0,0.0,0.0
10.0,9.0,0.7999999999999999,0.7999999999999999,0.05549788475036621,0.04800128936767578,0.06400132179260254,integer infeasible,0.0,0.0,0.0,0.0,0.0,0.0,0.0,0.0,0.0,0.0,0.0,0.0
10.0,9.0,0.7999999999999999,0.9000000000000001,0.058586502075195314,0.05499625205993652,0.06500053405761719,integer infeasible,0.0,0.0,0.0,0.0,0.0,0.0,0.0,0.0,0.0,0.0,0.0,0.0
10.0,9.0,1.0,0.09999999999999999,0.016496706008911132,0.013965606689453125,0.022000551223754883,integer optimal solution,2.3,10.2,0.0,0.0,0.0,0.0,0.0,0.1,0.0,0.2,0.1,0.4
10.0,9.0,1.0,0.19999999999999998,0.03679838180541992,0.022999048233032227,0.0690009593963623,integer optimal solution,3.3,34.2,0.0,3.6,0.0,0.0,0.0,1.4,0.0,5.8,0.9,11.7
10.0,9.0,1.0,0.29999999999999993,0.06619408130645751,0.029967308044433594,0.11700129508972168,integer optimal solution,4.4,151.7,0.0,7.2,0.0,0.0,0.0,0.9,0.0,9.8,0.5,18.4
10.0,9.0,1.0,0.39999999999999997,0.16889724731445313,0.14300298690795898,0.19700050354003906,integer optimal solution,3.0,478.6,0.0,17.3,0.0,0.0,0.0,0.2,0.0,20.8,0.5,38.8
10.0,9.0,1.0,0.5,0.045250654220581055,0.03799939155578613,0.0520024299621582,integer infeasible,0.0,0.0,0.0,0.0,0.0,0.0,0.0,0.0,0.0,0.0,0.0,0.0
10.0,9.0,1.0,0.5,0.1979985237121582,0.17599821090698242,0.21999883651733398,integer optimal solution,1.5,469.0,0.0,26.5,0.0,0.0,0.0,0.0,0.0,19.0,0.0,45.5
10.0,9.0,1.0,0.5999999999999999,0.04979968070983887,0.04199934005737305,0.0629887580871582,integer infeasible,0.0,0.0,0.0,0.0,0.0,0.0,0.0,0.0,0.0,0.0,0.0,0.0
10.0,9.0,1.0,0.7000000000000001,0.06040060520172119,0.051998138427734375,0.06800127029418945,integer infeasible,0.0,0.0,0.0,0.0,0.0,0.0,0.0,0.0,0.0,0.0,0.0,0.0
10.0,9.0,1.0,0.7999999999999999,0.05630025863647461,0.05100083351135254,0.06400060653686523,integer infeasible,0.0,0.0,0.0,0.0,0.0,0.0,0.0,0.0,0.0,0.0,0.0,0.0
10.0,9.0,1.0,0.9000000000000001,0.06560070514678955,0.056000471115112305,0.08100152015686035,integer infeasible,0.0,0.0,0.0,0.0,0.0,0.0,0.0,0.0,0.0,0.0,0.0,0.0
20.0,3.0,0.6,0.09999999999999999,0.008875280618667603,0.008000850677490234,0.009002208709716797,integer infeasible,0.0,0.0,0.0,0.0,0.0,0.0,0.0,0.0,0.0,0.0,0.0,0.0
20.0,3.0,0.6,0.1,0.010001182556152344,0.009001970291137695,0.011000394821166992,integer optimal solution,2.0,1.0,0.0,0.0,0.0,0.0,0.0,0.0,0.0,0.0,0.0,0.0
20.0,3.0,0.5999999999999999,0.19999999999999998,0.011299800872802735,0.010000228881835938,0.013001680374145508,integer infeasible,0.0,0.0,0.0,0.0,0.0,0.0,0.0,0.0,0.0,0.0,0.0,0.0
20.0,3.0,0.5999999999999999,0.29999999999999993,0.015100502967834472,0.012999296188354492,0.01800060272216797,integer infeasible,0.0,0.0,0.0,0.0,0.0,0.0,0.0,0.0,0.0,0.0,0.0,0.0
20.0,3.0,0.5999999999999999,0.39999999999999997,0.01599700450897217,0.014998674392700195,0.01800394058227539,integer infeasible,0.0,0.0,0.0,0.0,0.0,0.0,0.0,0.0,0.0,0.0,0.0,0.0
20.0,3.0,0.5999999999999999,0.5,0.018606042861938475,0.017000913619995117,0.020999908447265625,integer infeasible,0.0,0.0,0.0,0.0,0.0,0.0,0.0,0.0,0.0,0.0,0.0,0.0
20.0,3.0,0.5999999999999999,0.5999999999999999,0.02029838562011719,0.018999099731445312,0.023000001907348633,integer infeasible,0.0,0.0,0.0,0.0,0.0,0.0,0.0,0.0,0.0,0.0,0.0,0.0
20.0,3.0,0.5999999999999999,0.7000000000000001,0.022599387168884277,0.021999120712280273,0.024001121520996094,integer infeasible,0.0,0.0,0.0,0.0,0.0,0.0,0.0,0.0,0.0,0.0,0.0,0.0
20.0,3.0,0.5999999999999999,0.7999999999999999,0.027200841903686525,0.023000478744506836,0.03200197219848633,integer infeasible,0.0,0.0,0.0,0.0,0.0,0.0,0.0,0.0,0.0,0.0,0.0,0.0
20.0,3.0,0.5999999999999999,0.9000000000000001,0.027894878387451173,0.024999618530273438,0.03200197219848633,integer infeasible,0.0,0.0,0.0,0.0,0.0,0.0,0.0,0.0,0.0,0.0,0.0,0.0
20.0,3.0,0.7999999999999999,0.09999999999999999,0.00875025987625122,0.007997989654541016,0.00999903678894043,integer infeasible,0.0,0.0,0.0,0.0,0.0,0.0,0.0,0.0,0.0,0.0,0.0,0.0
20.0,3.0,0.8,0.1,0.009500741958618164,0.008000373840332031,0.011001110076904297,integer optimal solution,3.5,5.0,0.0,0.0,0.0,0.0,0.0,0.0,0.0,0.0,0.0,0.0
20.0,3.0,0.7999999999999999,0.19999999999999998,0.011503458023071289,0.009999513626098633,0.015001296997070312,integer infeasible,0.0,0.0,0.0,0.0,0.0,0.0,0.0,0.0,0.0,0.0,0.0,0.0
20.0,3.0,0.7999999999999999,0.29999999999999993,0.013599252700805664,0.012000083923339844,0.015001296997070312,integer infeasible,0.0,0.0,0.0,0.0,0.0,0.0,0.0,0.0,0.0,0.0,0.0,0.0
20.0,3.0,0.7999999999999999,0.39999999999999997,0.015899109840393066,0.014999628067016602,0.01800251007080078,integer infeasible,0.0,0.0,0.0,0.0,0.0,0.0,0.0,0.0,0.0,0.0,0.0,0.0
20.0,3.0,0.7999999999999999,0.5,0.021003150939941408,0.01699972152709961,0.027997255325317383,integer infeasible,0.0,0.0,0.0,0.0,0.0,0.0,0.0,0.0,0.0,0.0,0.0,0.0
20.0,3.0,0.7999999999999999,0.5999999999999999,0.023400020599365235,0.019997835159301758,0.025003433227539062,integer infeasible,0.0,0.0,0.0,0.0,0.0,0.0,0.0,0.0,0.0,0.0,0.0,0.0
20.0,3.0,0.7999999999999999,0.7000000000000001,0.03210039138793945,0.020998239517211914,0.08600997924804688,integer infeasible,0.0,0.0,0.0,0.0,0.0,0.0,0.0,0.0,0.0,0.0,0.0,0.0
20.0,3.0,0.7999999999999999,0.7999999999999999,0.026100468635559083,0.023999691009521484,0.032002925872802734,integer infeasible,0.0,0.0,0.0,0.0,0.0,0.0,0.0,0.0,0.0,0.0,0.0,0.0
20.0,3.0,0.7999999999999999,0.9000000000000001,0.02820112705230713,0.024998903274536133,0.03300166130065918,integer infeasible,0.0,0.0,0.0,0.0,0.0,0.0,0.0,0.0,0.0,0.0,0.0,0.0
20.0,3.0,1.0,0.09999999999999999,0.009001678890652128,0.007999181747436523,0.013000011444091797,integer infeasible,0.0,0.0,0.0,0.0,0.0,0.0,0.0,0.0,0.0,0.0,0.0,0.0
20.0,3.0,1.0,0.1,0.008002042770385742,0.008002042770385742,0.008002042770385742,integer optimal solution,2.0,0.0,0.0,0.0,0.0,0.0,0.0,0.0,0.0,0.0,0.0,0.0
20.0,3.0,1.0,0.19999999999999998,0.012104058265686035,0.010000467300415039,0.015038013458251953,integer infeasible,0.0,0.0,0.0,0.0,0.0,0.0,0.0,0.0,0.0,0.0,0.0,0.0
20.0,3.0,1.0,0.29999999999999993,0.014396333694458007,0.013001203536987305,0.016998767852783203,integer infeasible,0.0,0.0,0.0,0.0,0.0,0.0,0.0,0.0,0.0,0.0,0.0,0.0
20.0,3.0,1.0,0.39999999999999997,0.01659674644470215,0.014968156814575195,0.01999974250793457,integer infeasible,0.0,0.0,0.0,0.0,0.0,0.0,0.0,0.0,0.0,0.0,0.0,0.0
20.0,3.0,1.0,0.5,0.018100595474243163,0.01600050926208496,0.01999950408935547,integer infeasible,0.0,0.0,0.0,0.0,0.0,0.0,0.0,0.0,0.0,0.0,0.0,0.0
20.0,3.0,1.0,0.5999999999999999,0.02179741859436035,0.018999576568603516,0.02899765968322754,integer infeasible,0.0,0.0,0.0,0.0,0.0,0.0,0.0,0.0,0.0,0.0,0.0,0.0
20.0,3.0,1.0,0.7000000000000001,0.022999095916748046,0.02199840545654297,0.026002168655395508,integer infeasible,0.0,0.0,0.0,0.0,0.0,0.0,0.0,0.0,0.0,0.0,0.0,0.0
20.0,3.0,1.0,0.7999999999999999,0.025300049781799318,0.022998809814453125,0.03200030326843262,integer infeasible,0.0,0.0,0.0,0.0,0.0,0.0,0.0,0.0,0.0,0.0,0.0,0.0
20.0,3.0,1.0,0.9000000000000001,0.0280991792678833,0.02599930763244629,0.03200054168701172,integer infeasible,0.0,0.0,0.0,0.0,0.0,0.0,0.0,0.0,0.0,0.0,0.0,0.0
20.0,5.0,0.5999999999999999,0.09999999999999999,0.10409781932830811,0.024001359939575195,0.26399898529052734,integer optimal solution,4.5,247.7,0.0,1.3,0.0,0.0,0.0,1.4,0.0,17.3,0.5,20.5
20.0,5.0,0.5999999999999999,0.19999999999999998,0.03199725151062012,0.029999256134033203,0.03500103950500488,integer infeasible,0.0,0.0,0.0,0.0,0.0,0.0,0.0,0.0,0.0,0.0,0.0,0.0
20.0,5.0,0.5999999999999999,0.29999999999999993,0.04149963855743408,0.035965681076049805,0.04899764060974121,integer infeasible,0.0,0.0,0.0,0.0,0.0,0.0,0.0,0.0,0.0,0.0,0.0,0.0
20.0,5.0,0.5999999999999999,0.39999999999999997,0.0517000675201416,0.046999454498291016,0.05500030517578125,integer infeasible,0.0,0.0,0.0,0.0,0.0,0.0,0.0,0.0,0.0,0.0,0.0,0.0
20.0,5.0,0.5999999999999999,0.5,0.055594444274902344,0.050000667572021484,0.0650033950805664,integer infeasible,0.0,0.0,0.0,0.0,0.0,0.0,0.0,0.0,0.0,0.0,0.0,0.0
20.0,5.0,0.5999999999999999,0.5999999999999999,0.05879805088043213,0.05299973487854004,0.0780019760131836,integer infeasible,0.0,0.0,0.0,0.0,0.0,0.0,0.0,0.0,0.0,0.0,0.0,0.0
20.0,5.0,0.5999999999999999,0.7000000000000001,0.06539671421051026,0.05700111389160156,0.07600021362304688,integer infeasible,0.0,0.0,0.0,0.0,0.0,0.0,0.0,0.0,0.0,0.0,0.0,0.0
20.0,5.0,0.5999999999999999,0.7999999999999999,0.07200491428375244,0.06403303146362305,0.08299660682678223,integer infeasible,0.0,0.0,0.0,0.0,0.0,0.0,0.0,0.0,0.0,0.0,0.0,0.0
20.0,5.0,0.5999999999999999,0.9000000000000001,0.07979719638824463,0.07399868965148926,0.08600139617919922,integer infeasible,0.0,0.0,0.0,0.0,0.0,0.0,0.0,0.0,0.0,0.0,0.0,0.0
20.0,5.0,0.7999999999999999,0.09999999999999999,0.09950728416442871,0.021999597549438477,0.16100239753723145,integer optimal solution,5.0,367.2,0.0,1.1,0.0,0.0,0.0,0.8,0.0,17.5,0.5,19.9
20.0,5.0,0.7999999999999999,0.19999999999999998,0.029697728157043458,0.026999473571777344,0.032999515533447266,integer infeasible,0.0,0.0,0.0,0.0,0.0,0.0,0.0,0.0,0.0,0.0,0.0,0.0
20.0,5.0,0.7999999999999999,0.29999999999999993,0.039100265502929686,0.034000396728515625,0.045000553131103516,integer infeasible,0.0,0.0,0.0,0.0,0.0,0.0,0.0,0.0,0.0,0.0,0.0,0.0
20.0,5.0,0.7999999999999999,0.39999999999999997,0.046300292015075684,0.04400324821472168,0.04899716377258301,integer infeasible,0.0,0.0,0.0,0.0,0.0,0.0,0.0,0.0,0.0,0.0,0.0,0.0
20.0,5.0,0.7999999999999999,0.5,0.05229206085205078,0.0449986457824707,0.0559995174407959,integer infeasible,0.0,0.0,0.0,0.0,0.0,0.0,0.0,0.0,0.0,0.0,0.0,0.0
20.0,5.0,0.7999999999999999,0.5999999999999999,0.06089560985565186,0.05300116539001465,0.08199739456176758,integer infeasible,0.0,0.0,0.0,0.0,0.0,0.0,0.0,0.0,0.0,0.0,0.0,0.0
20.0,5.0,0.7999999999999999,0.7000000000000001,0.0646944522857666,0.060001373291015625,0.0709984302520752,integer infeasible,0.0,0.0,0.0,0.0,0.0,0.0,0.0,0.0,0.0,0.0,0.0,0.0
20.0,5.0,0.7999999999999999,0.7999999999999999,0.0727001428604126,0.06699895858764648,0.0800015926361084,integer infeasible,0.0,0.0,0.0,0.0,0.0,0.0,0.0,0.0,0.0,0.0,0.0,0.0
20.0,5.0,0.7999999999999999,0.9000000000000001,0.07939743995666504,0.07300066947937012,0.09299802780151367,integer infeasible,0.0,0.0,0.0,0.0,0.0,0.0,0.0,0.0,0.0,0.0,0.0,0.0
20.0,5.0,1.0,0.09999999999999999,0.07299964427947998,0.025001049041748047,0.1589665412902832,integer optimal solution,4.5,241.7,0.0,1.9,0.0,0.0,0.0,1.7,0.0,17.1,0.4,21.1
20.0,5.0,1.0,0.19999999999999998,0.02959916591644287,0.02599954605102539,0.035993337631225586,integer infeasible,0.0,0.0,0.0,0.0,0.0,0.0,0.0,0.0,0.0,0.0,0.0,0.0
20.0,5.0,1.0,0.29999999999999993,0.03900079727172852,0.03499889373779297,0.04799461364746094,integer infeasible,0.0,0.0,0.0,0.0,0.0,0.0,0.0,0.0,0.0,0.0,0.0,0.0
20.0,5.0,1.0,0.39999999999999997,0.05030374526977539,0.04200124740600586,0.058995723724365234,integer infeasible,0.0,0.0,0.0,0.0,0.0,0.0,0.0,0.0,0.0,0.0,0.0,0.0
20.0,5.0,1.0,0.5,0.053000259399414065,0.04999899864196777,0.06100153923034668,integer infeasible,0.0,0.0,0.0,0.0,0.0,0.0,0.0,0.0,0.0,0.0,0.0,0.0
20.0,5.0,1.0,0.5999999999999999,0.059999823570251465,0.05299735069274902,0.07599902153015137,integer infeasible,0.0,0.0,0.0,0.0,0.0,0.0,0.0,0.0,0.0,0.0,0.0,0.0
20.0,5.0,1.0,0.7000000000000001,0.06628010272979737,0.061959266662597656,0.07697129249572754,integer infeasible,0.0,0.0,0.0,0.0,0.0,0.0,0.0,0.0,0.0,0.0,0.0,0.0
20.0,5.0,1.0,0.7999999999999999,0.07139620780944825,0.06399941444396973,0.07999777793884277,integer infeasible,0.0,0.0,0.0,0.0,0.0,0.0,0.0,0.0,0.0,0.0,0.0,0.0
20.0,5.0,1.0,0.9000000000000001,0.07981157302856445,0.07499837875366211,0.08699870109558105,integer infeasible,0.0,0.0,0.0,0.0,0.0,0.0,0.0,0.0,0.0,0.0,0.0,0.0
20.0,7.0,0.5999999999999999,0.09999999999999999,0.09640092849731445,0.040999650955200195,0.16500496864318848,integer optimal solution,5.5,258.4,0.0,2.8,0.0,0.0,0.0,1.1,0.0,20.7,0.2,24.8
20.0,7.0,0.6,0.19999999999999998,0.05433358086480035,0.050002098083496094,0.06000041961669922,integer infeasible,0.0,0.0,0.0,0.0,0.0,0.0,0.0,0.0,0.0,0.0,0.0,0.0
20.0,7.0,0.6,0.2,0.221998929977417,0.221998929977417,0.221998929977417,integer optimal solution,1.0,321.0,0.0,11.0,0.0,0.0,0.0,0.0,0.0,76.0,2.0,89.0
20.0,7.0,0.5999999999999999,0.29999999999999993,0.0715036153793335,0.06599974632263184,0.07900023460388184,integer infeasible,0.0,0.0,0.0,0.0,0.0,0.0,0.0,0.0,0.0,0.0,0.0,0.0
20.0,7.0,0.5999999999999999,0.39999999999999997,0.08889572620391846,0.08196139335632324,0.10299801826477051,integer infeasible,0.0,0.0,0.0,0.0,0.0,0.0,0.0,0.0,0.0,0.0,0.0,0.0
20.0,7.0,0.5999999999999999,0.5,0.10629675388336182,0.09596896171569824,0.1219930648803711,integer infeasible,0.0,0.0,0.0,0.0,0.0,0.0,0.0,0.0,0.0,0.0,0.0,0.0
20.0,7.0,0.5999999999999999,0.5999999999999999,0.12219696044921875,0.11200141906738281,0.13700366020202637,integer infeasible,0.0,0.0,0.0,0.0,0.0,0.0,0.0,0.0,0.0,0.0,0.0,0.0
20.0,7.0,0.5999999999999999,0.7000000000000001,0.13929972648620606,0.13100004196166992,0.15399980545043945,integer infeasible,0.0,0.0,0.0,0.0,0.0,0.0,0.0,0.0,0.0,0.0,0.0,0.0
20.0,7.0,0.5999999999999999,0.7999999999999999,0.14719674587249756,0.1420001983642578,0.1569995880126953,integer infeasible,0.0,0.0,0.0,0.0,0.0,0.0,0.0,0.0,0.0,0.0,0.0,0.0
20.0,7.0,0.5999999999999999,0.9000000000000001,0.16879873275756835,0.15200185775756836,0.18700098991394043,integer infeasible,0.0,0.0,0.0,0.0,0.0,0.0,0.0,0.0,0.0,0.0,0.0,0.0
20.0,7.0,0.7999999999999999,0.09999999999999999,0.06300580501556396,0.03400397300720215,0.1280050277709961,integer optimal solution,5.6,135.8,0.0,1.0,0.0,0.0,0.0,1.0,0.0,8.8,0.5,11.3
20.0,7.0,0.7999999999999999,0.19999999999999998,0.05449950695037842,0.05099940299987793,0.06099987030029297,integer infeasible,0.0,0.0,0.0,0.0,0.0,0.0,0.0,0.0,0.0,0.0,0.0,0.0
20.0,7.0,0.8,0.2,0.2760005593299866,0.23200130462646484,0.3430008888244629,integer optimal solution,1.25,407.25,0.0,15.25,0.0,0.0,0.0,0.0,0.0,39.0,0.25,54.5
20.0,7.0,0.7999999999999999,0.29999999999999993,0.07150044441223144,0.06600213050842285,0.07999873161315918,integer infeasible,0.0,0.0,0.0,0.0,0.0,0.0,0.0,0.0,0.0,0.0,0.0,0.0
20.0,7.0,0.7999999999999999,0.39999999999999997,0.09089860916137696,0.08300113677978516,0.10099625587463379,integer infeasible,0.0,0.0,0.0,0.0,0.0,0.0,0.0,0.0,0.0,0.0,0.0,0.0
20.0,7.0,0.7999999999999999,0.5,0.10959923267364502,0.0969994068145752,0.11900019645690918,integer infeasible,0.0,0.0,0.0,0.0,0.0,0.0,0.0,0.0,0.0,0.0,0.0,0.0
20.0,7.0,0.7999999999999999,0.5999999999999999,0.1289005994796753,0.11700296401977539,0.14499807357788086,integer infeasible,0.0,0.0,0.0,0.0,0.0,0.0,0.0,0.0,0.0,0.0,0.0,0.0
20.0,7.0,0.7999999999999999,0.7000000000000001,0.14479973316192626,0.12900209426879883,0.16499996185302734,integer infeasible,0.0,0.0,0.0,0.0,0.0,0.0,0.0,0.0,0.0,0.0,0.0,0.0
20.0,7.0,0.7999999999999999,0.7999999999999999,0.16057190895080567,0.13700127601623535,0.17374920845031738,integer infeasible,0.0,0.0,0.0,0.0,0.0,0.0,0.0,0.0,0.0,0.0,0.0,0.0
20.0,7.0,0.7999999999999999,0.9000000000000001,0.1685999631881714,0.15699982643127441,0.1810309886932373,integer infeasible,0.0,0.0,0.0,0.0,0.0,0.0,0.0,0.0,0.0,0.0,0.0,0.0
20.0,7.0,1.0,0.09999999999999999,0.07119977474212646,0.032999277114868164,0.18899941444396973,integer optimal solution,5.3,155.3,0.0,2.1,0.0,0.0,0.0,1.7,0.0,14.3,0.5,18.6
20.0,7.0,1.0,0.19999999999999998,0.05582833290100098,0.05196666717529297,0.06899833679199219,integer infeasible,0.0,0.0,0.0,0.0,0.0,0.0,0.0,0.0,0.0,0.0,0.0,0.0
20.0,7.0,1.0,0.2,0.3002510070800781,0.21000123023986816,0.40199851989746094,integer optimal solution,1.75,449.75,0.0,17.25,0.0,0.0,0.0,0.5,0.0,28.0,0.5,46.25
20.0,7.0,1.0,0.29999999999999993,0.07770020961761474,0.06899881362915039,0.09300112724304199,integer infeasible,0.0,0.0,0.0,0.0,0.0,0.0,0.0,0.0,0.0,0.0,0.0,0.0
20.0,7.0,1.0,0.39999999999999997,0.0892033338546753,0.08199858665466309,0.10000085830688477,integer infeasible,0.0,0.0,0.0,0.0,0.0,0.0,0.0,0.0,0.0,0.0,0.0,0.0
20.0,7.0,1.0,0.5,0.10609667301177979,0.09900116920471191,0.11699819564819336,integer infeasible,0.0,0.0,0.0,0.0,0.0,0.0,0.0,0.0,0.0,0.0,0.0,0.0
20.0,7.0,1.0,0.5999999999999999,0.12389991283416749,0.1100320816040039,0.14000177383422852,integer infeasible,0.0,0.0,0.0,0.0,0.0,0.0,0.0,0.0,0.0,0.0,0.0,0.0
20.0,7.0,1.0,0.7000000000000001,0.13718867301940918,0.12400150299072266,0.15700197219848633,integer infeasible,0.0,0.0,0.0,0.0,0.0,0.0,0.0,0.0,0.0,0.0,0.0,0.0
20.0,7.0,1.0,0.7999999999999999,0.15229403972625732,0.1399986743927002,0.1640021800994873,integer infeasible,0.0,0.0,0.0,0.0,0.0,0.0,0.0,0.0,0.0,0.0,0.0,0.0
20.0,7.0,1.0,0.9000000000000001,0.1651935577392578,0.15600156784057617,0.1880016326904297,integer infeasible,0.0,0.0,0.0,0.0,0.0,0.0,0.0,0.0,0.0,0.0,0.0,0.0
20.0,9.0,0.5999999999999999,0.09999999999999999,0.10469434261322022,0.06096315383911133,0.19203901290893555,integer optimal solution,5.5,180.6,0.0,4.0,0.0,0.0,0.0,1.4,0.0,17.8,0.3,23.5
20.0,9.0,0.5999999999999999,0.19999999999999998,1.4614002227783203,1.1070008277893066,1.8579983711242676,integer optimal solution,3.6,53723.7,922.1,33.2,0.0,0.0,0.0,0.2,0.0,23.5,1.8,58.7
20.0,9.0,0.5999999999999999,0.29999999999999993,0.12649714946746826,0.1119999885559082,0.15800118446350098,integer infeasible,0.0,0.0,0.0,0.0,0.0,0.0,0.0,0.0,0.0,0.0,0.0,0.0
20.0,9.0,0.5999999999999999,0.39999999999999997,0.14999911785125733,0.14099740982055664,0.16902709007263184,integer infeasible,0.0,0.0,0.0,0.0,0.0,0.0,0.0,0.0,0.0,0.0,0.0,0.0
20.0,9.0,0.5999999999999999,0.5,0.17819926738739014,0.166001558303833,0.1990044116973877,integer infeasible,0.0,0.0,0.0,0.0,0.0,0.0,0.0,0.0,0.0,0.0,0.0,0.0
20.0,9.0,0.5999999999999999,0.5999999999999999,0.22330377101898194,0.19500327110290527,0.2780015468597412,integer infeasible,0.0,0.0,0.0,0.0,0.0,0.0,0.0,0.0,0.0,0.0,0.0,0.0
20.0,9.0,0.5999999999999999,0.7000000000000001,0.22959685325622559,0.21500182151794434,0.23999905586242676,integer infeasible,0.0,0.0,0.0,0.0,0.0,0.0,0.0,0.0,0.0,0.0,0.0,0.0
20.0,9.0,0.5999999999999999,0.7999999999999999,0.2578939914703369,0.23799800872802734,0.29000163078308105,integer infeasible,0.0,0.0,0.0,0.0,0.0,0.0,0.0,0.0,0.0,0.0,0.0,0.0
20.0,9.0,0.5999999999999999,0.9000000000000001,0.2964932441711426,0.28296494483947754,0.315000057220459,integer infeasible,0.0,0.0,0.0,0.0,0.0,0.0,0.0,0.0,0.0,0.0,0.0,0.0
20.0,9.0,0.7999999999999999,0.09999999999999999,0.1156001091003418,0.06200242042541504,0.17100048065185547,integer optimal solution,4.6,187.0,0.0,5.1,0.0,0.0,0.0,1.4,0.0,16.6,0.3,23.4
20.0,9.0,0.7999999999999999,0.19999999999999998,1.2031967163085937,0.2429978847503662,1.5429983139038086,integer optimal solution,3.2,37970.5,657.1,28.9,0.0,0.0,0.0,2.1,0.0,27.9,5.3,64.2
20.0,9.0,0.7999999999999999,0.29999999999999993,0.13490049839019774,0.11500239372253418,0.17699909210205078,integer infeasible,0.0,0.0,0.0,0.0,0.0,0.0,0.0,0.0,0.0,0.0,0.0,0.0
20.0,9.0,0.7999999999999999,0.39999999999999997,0.15439927577972412,0.14099764823913574,0.1659986972808838,integer infeasible,0.0,0.0,0.0,0.0,0.0,0.0,0.0,0.0,0.0,0.0,0.0,0.0
20.0,9.0,0.7999999999999999,0.5,0.1757063388824463,0.16499924659729004,0.19899535179138184,integer infeasible,0.0,0.0,0.0,0.0,0.0,0.0,0.0,0.0,0.0,0.0,0.0,0.0
20.0,9.0,0.7999999999999999,0.5999999999999999,0.21339714527130127,0.19300222396850586,0.2429671287536621,integer infeasible,0.0,0.0,0.0,0.0,0.0,0.0,0.0,0.0,0.0,0.0,0.0,0.0
20.0,9.0,0.7999999999999999,0.7000000000000001,0.22769668102264404,0.21396613121032715,0.24400067329406738,integer infeasible,0.0,0.0,0.0,0.0,0.0,0.0,0.0,0.0,0.0,0.0,0.0,0.0
20.0,9.0,0.7999999999999999,0.7999999999999999,0.27709696292877195,0.2500002384185791,0.3210000991821289,integer infeasible,0.0,0.0,0.0,0.0,0.0,0.0,0.0,0.0,0.0,0.0,0.0,0.0
20.0,9.0,0.7999999999999999,0.9000000000000001,0.2972960233688354,0.27500033378601074,0.32499194145202637,integer infeasible,0.0,0.0,0.0,0.0,0.0,0.0,0.0,0.0,0.0,0.0,0.0,0.0
20.0,9.0,1.0,0.09999999999999999,0.13019683361053466,0.0709998607635498,0.20100116729736328,integer optimal solution,5.8,208.6,0.0,3.9,0.0,0.0,0.0,1.0,0.0,21.7,0.4,27.0
20.0,9.0,1.0,0.19999999999999998,1.1542169332504273,0.592998743057251,1.8520004749298096,integer optimal solution,3.3,30603.9,525.5,29.0,0.0,0.0,0.0,0.3,0.0,20.9,1.3,51.5
20.0,9.0,1.0,0.29999999999999993,0.12640037536621093,0.11300039291381836,0.1600041389465332,integer infeasible,0.0,0.0,0.0,0.0,0.0,0.0,0.0,0.0,0.0,0.0,0.0,0.0
20.0,9.0,1.0,0.39999999999999997,0.14839544296264648,0.1370375156402588,0.16399669647216797,integer infeasible,0.0,0.0,0.0,0.0,0.0,0.0,0.0,0.0,0.0,0.0,0.0,0.0
20.0,9.0,1.0,0.5,0.17190299034118653,0.16499900817871094,0.18199920654296875,integer infeasible,0.0,0.0,0.0,0.0,0.0,0.0,0.0,0.0,0.0,0.0,0.0,0.0
20.0,9.0,1.0,0.5999999999999999,0.20778419971466064,0.19699335098266602,0.22999835014343262,integer infeasible,0.0,0.0,0.0,0.0,0.0,0.0,0.0,0.0,0.0,0.0,0.0,0.0
20.0,9.0,1.0,0.7000000000000001,0.23289804458618163,0.21600127220153809,0.27303481101989746,integer infeasible,0.0,0.0,0.0,0.0,0.0,0.0,0.0,0.0,0.0,0.0,0.0,0.0
20.0,9.0,1.0,0.7999999999999999,0.2577950477600098,0.24499773979187012,0.27500104904174805,integer infeasible,0.0,0.0,0.0,0.0,0.0,0.0,0.0,0.0,0.0,0.0,0.0,0.0
20.0,9.0,1.0,0.9000000000000001,0.2933207988739014,0.28099966049194336,0.31600022315979004,integer infeasible,0.0,0.0,0.0,0.0,0.0,0.0,0.0,0.0,0.0,0.0,0.0,0.0
30.0,3.0,0.5999999999999999,0.09999999999999999,0.01571643352508545,0.01399993896484375,0.01700305938720703,integer infeasible,0.0,0.0,0.0,0.0,0.0,0.0,0.0,0.0,0.0,0.0,0.0,0.0
30.0,3.0,0.5999999999999999,0.19999999999999998,0.021401000022888184,0.019001007080078125,0.025003433227539062,integer infeasible,0.0,0.0,0.0,0.0,0.0,0.0,0.0,0.0,0.0,0.0,0.0,0.0
30.0,3.0,0.5999999999999999,0.29999999999999993,0.026402544975280762,0.02500152587890625,0.028000593185424805,integer infeasible,0.0,0.0,0.0,0.0,0.0,0.0,0.0,0.0,0.0,0.0,0.0,0.0
30.0,3.0,0.5999999999999999,0.39999999999999997,0.033396029472351076,0.03199958801269531,0.03502178192138672,integer infeasible,0.0,0.0,0.0,0.0,0.0,0.0,0.0,0.0,0.0,0.0,0.0,0.0
30.0,3.0,0.5999999999999999,0.5,0.03909978866577148,0.03799700736999512,0.042999982833862305,integer infeasible,0.0,0.0,0.0,0.0,0.0,0.0,0.0,0.0,0.0,0.0,0.0,0.0
30.0,3.0,0.5999999999999999,0.5999999999999999,0.046402597427368165,0.04301929473876953,0.052999019622802734,integer infeasible,0.0,0.0,0.0,0.0,0.0,0.0,0.0,0.0,0.0,0.0,0.0,0.0
30.0,3.0,0.5999999999999999,0.7000000000000001,0.051996493339538576,0.04899907112121582,0.058005571365356445,integer infeasible,0.0,0.0,0.0,0.0,0.0,0.0,0.0,0.0,0.0,0.0,0.0,0.0
30.0,3.0,0.5999999999999999,0.7999999999999999,0.06180009841918945,0.05599713325500488,0.07599997520446777,integer infeasible,0.0,0.0,0.0,0.0,0.0,0.0,0.0,0.0,0.0,0.0,0.0,0.0
30.0,3.0,0.5999999999999999,0.9000000000000001,0.06159961223602295,0.05696249008178711,0.06599545478820801,integer infeasible,0.0,0.0,0.0,0.0,0.0,0.0,0.0,0.0,0.0,0.0,0.0,0.0
30.0,3.0,0.7999999999999999,0.09999999999999999,0.016000890731811525,0.013001203536987305,0.017999649047851562,integer infeasible,0.0,0.0,0.0,0.0,0.0,0.0,0.0,0.0,0.0,0.0,0.0,0.0
30.0,3.0,0.7999999999999999,0.19999999999999998,0.020796608924865723,0.019964933395385742,0.024000883102416992,integer infeasible,0.0,0.0,0.0,0.0,0.0,0.0,0.0,0.0,0.0,0.0,0.0,0.0
30.0,3.0,0.7999999999999999,0.29999999999999993,0.027599906921386717,0.025998592376708984,0.03400230407714844,integer infeasible,0.0,0.0,0.0,0.0,0.0,0.0,0.0,0.0,0.0,0.0,0.0,0.0
30.0,3.0,0.7999999999999999,0.39999999999999997,0.03459904193878174,0.031000852584838867,0.04099845886230469,integer infeasible,0.0,0.0,0.0,0.0,0.0,0.0,0.0,0.0,0.0,0.0,0.0,0.0
30.0,3.0,0.7999999999999999,0.5,0.040198540687561034,0.03799581527709961,0.045001983642578125,integer infeasible,0.0,0.0,0.0,0.0,0.0,0.0,0.0,0.0,0.0,0.0,0.0,0.0
30.0,3.0,0.7999999999999999,0.5999999999999999,0.0462965726852417,0.04300260543823242,0.0540013313293457,integer infeasible,0.0,0.0,0.0,0.0,0.0,0.0,0.0,0.0,0.0,0.0,0.0,0.0
30.0,3.0,0.7999999999999999,0.7000000000000001,0.052693963050842285,0.04996919631958008,0.06199955940246582,integer infeasible,0.0,0.0,0.0,0.0,0.0,0.0,0.0,0.0,0.0,0.0,0.0,0.0
30.0,3.0,0.7999999999999999,0.7999999999999999,0.05759959220886231,0.05500173568725586,0.06200218200683594,integer infeasible,0.0,0.0,0.0,0.0,0.0,0.0,0.0,0.0,0.0,0.0,0.0,0.0
30.0,3.0,0.7999999999999999,0.9000000000000001,0.06330060958862305,0.057999372482299805,0.07796955108642578,integer infeasible,0.0,0.0,0.0,0.0,0.0,0.0,0.0,0.0,0.0,0.0,0.0,0.0
30.0,3.0,1.0,0.09999999999999999,0.016199207305908202,0.014998197555541992,0.018997669219970703,integer infeasible,0.0,0.0,0.0,0.0,0.0,0.0,0.0,0.0,0.0,0.0,0.0,0.0
30.0,3.0,1.0,0.19999999999999998,0.020698022842407227,0.019992589950561523,0.0219876766204834,integer infeasible,0.0,0.0,0.0,0.0,0.0,0.0,0.0,0.0,0.0,0.0,0.0,0.0
30.0,3.0,1.0,0.29999999999999993,0.02679760456085205,0.025002717971801758,0.03000187873840332,integer infeasible,0.0,0.0,0.0,0.0,0.0,0.0,0.0,0.0,0.0,0.0,0.0,0.0
30.0,3.0,1.0,0.39999999999999997,0.03469972610473633,0.0319976806640625,0.042999267578125,integer infeasible,0.0,0.0,0.0,0.0,0.0,0.0,0.0,0.0,0.0,0.0,0.0,0.0
30.0,3.0,1.0,0.5,0.039893579483032224,0.035961151123046875,0.04900193214416504,integer infeasible,0.0,0.0,0.0,0.0,0.0,0.0,0.0,0.0,0.0,0.0,0.0,0.0
30.0,3.0,1.0,0.5999999999999999,0.04470374584197998,0.042999982833862305,0.04700350761413574,integer infeasible,0.0,0.0,0.0,0.0,0.0,0.0,0.0,0.0,0.0,0.0,0.0,0.0
30.0,3.0,1.0,0.7000000000000001,0.052504229545593264,0.04900097846984863,0.060006141662597656,integer infeasible,0.0,0.0,0.0,0.0,0.0,0.0,0.0,0.0,0.0,0.0,0.0,0.0
30.0,3.0,1.0,0.7999999999999999,0.057200837135314944,0.0540013313293457,0.06100034713745117,integer infeasible,0.0,0.0,0.0,0.0,0.0,0.0,0.0,0.0,0.0,0.0,0.0,0.0
30.0,3.0,1.0,0.9000000000000001,0.062101340293884276,0.059000253677368164,0.06699991226196289,integer infeasible,0.0,0.0,0.0,0.0,0.0,0.0,0.0,0.0,0.0,0.0,0.0,0.0
30.0,5.0,0.6,0.1,0.20524072647094727,0.18897008895874023,0.21399974822998047,integer optimal solution,1.25,499.0,0.0,6.25,0.0,0.0,0.0,1.25,0.0,42.5,1.0,51.0
30.0,5.0,0.6,0.09999999999999999,0.03866628805796305,0.035996437072753906,0.048003196716308594,integer infeasible,0.0,0.0,0.0,0.0,0.0,0.0,0.0,0.0,0.0,0.0,0.0,0.0
30.0,5.0,0.5999999999999999,0.19999999999999998,0.062394118309020995,0.05696606636047363,0.07300186157226562,integer infeasible,0.0,0.0,0.0,0.0,0.0,0.0,0.0,0.0,0.0,0.0,0.0,0.0
30.0,5.0,0.5999999999999999,0.29999999999999993,0.08310267925262452,0.07600116729736328,0.10400199890136719,integer infeasible,0.0,0.0,0.0,0.0,0.0,0.0,0.0,0.0,0.0,0.0,0.0,0.0
30.0,5.0,0.5999999999999999,0.39999999999999997,0.11039218902587891,0.09900069236755371,0.1230020523071289,integer infeasible,0.0,0.0,0.0,0.0,0.0,0.0,0.0,0.0,0.0,0.0,0.0,0.0
30.0,5.0,0.5999999999999999,0.5,0.11919217109680176,0.11296892166137695,0.13199710845947266,integer infeasible,0.0,0.0,0.0,0.0,0.0,0.0,0.0,0.0,0.0,0.0,0.0,0.0
30.0,5.0,0.5999999999999999,0.5999999999999999,0.13460001945495606,0.1230001449584961,0.16100049018859863,integer infeasible,0.0,0.0,0.0,0.0,0.0,0.0,0.0,0.0,0.0,0.0,0.0,0.0
30.0,5.0,0.5999999999999999,0.7000000000000001,0.15559241771697999,0.14699959754943848,0.17200040817260742,integer infeasible,0.0,0.0,0.0,0.0,0.0,0.0,0.0,0.0,0.0,0.0,0.0,0.0
30.0,5.0,0.5999999999999999,0.7999999999999999,0.1842975378036499,0.1679997444152832,0.20400071144104004,integer infeasible,0.0,0.0,0.0,0.0,0.0,0.0,0.0,0.0,0.0,0.0,0.0,0.0
30.0,5.0,0.5999999999999999,0.9000000000000001,0.23405745029449462,0.21100163459777832,0.2740004062652588,integer infeasible,0.0,0.0,0.0,0.0,0.0,0.0,0.0,0.0,0.0,0.0,0.0,0.0
30.0,5.0,0.8,0.1,0.037192344665527344,0.03500032424926758,0.039998769760131836,integer infeasible,0.0,0.0,0.0,0.0,0.0,0.0,0.0,0.0,0.0,0.0,0.0,0.0
30.0,5.0,0.8,0.1,0.22100095748901366,0.21300244331359863,0.22700023651123047,integer optimal solution,1.4,434.2,0.0,5.6,0.0,0.0,0.0,1.0,0.0,50.0,2.0,58.6
30.0,5.0,0.7999999999999999,0.19999999999999998,0.05998950004577637,0.05600094795227051,0.0719454288482666,integer infeasible,0.0,0.0,0.0,0.0,0.0,0.0,0.0,0.0,0.0,0.0,0.0,0.0
30.0,5.0,0.7999999999999999,0.29999999999999993,0.08439674377441406,0.07996773719787598,0.09699773788452148,integer infeasible,0.0,0.0,0.0,0.0,0.0,0.0,0.0,0.0,0.0,0.0,0.0,0.0
30.0,5.0,0.7999999999999999,0.39999999999999997,0.10600049495697021,0.0970005989074707,0.11700057983398438,integer infeasible,0.0,0.0,0.0,0.0,0.0,0.0,0.0,0.0,0.0,0.0,0.0,0.0
30.0,5.0,0.7999999999999999,0.5,0.12550976276397705,0.11200213432312012,0.14099860191345215,integer infeasible,0.0,0.0,0.0,0.0,0.0,0.0,0.0,0.0,0.0,0.0,0.0,0.0
30.0,5.0,0.7999999999999999,0.5999999999999999,0.13389811515808106,0.1250004768371582,0.15501046180725098,integer infeasible,0.0,0.0,0.0,0.0,0.0,0.0,0.0,0.0,0.0,0.0,0.0,0.0
30.0,5.0,0.7999999999999999,0.7000000000000001,0.1591038227081299,0.14500069618225098,0.17896676063537598,integer infeasible,0.0,0.0,0.0,0.0,0.0,0.0,0.0,0.0,0.0,0.0,0.0,0.0
30.0,5.0,0.7999999999999999,0.7999999999999999,0.17769327163696289,0.17100024223327637,0.1920011043548584,integer infeasible,0.0,0.0,0.0,0.0,0.0,0.0,0.0,0.0,0.0,0.0,0.0,0.0
30.0,5.0,0.7999999999999999,0.9000000000000001,0.23770599365234374,0.21900081634521484,0.2839987277984619,integer infeasible,0.0,0.0,0.0,0.0,0.0,0.0,0.0,0.0,0.0,0.0,0.0,0.0
30.0,5.0,1.0,0.09999999999999999,0.042336742083231606,0.03699970245361328,0.04600238800048828,integer infeasible,0.0,0.0,0.0,0.0,0.0,0.0,0.0,0.0,0.0,0.0,0.0,0.0
30.0,5.0,1.0,0.1,0.2460007667541504,0.2290031909942627,0.25800037384033203,integer optimal solution,1.75,510.75,0.0,6.5,0.0,0.0,0.0,0.25,0.0,42.25,0.5,49.5
30.0,5.0,1.0,0.19999999999999998,0.06229343414306641,0.055963754653930664,0.0720055103302002,integer infeasible,0.0,0.0,0.0,0.0,0.0,0.0,0.0,0.0,0.0,0.0,0.0,0.0
30.0,5.0,1.0,0.29999999999999993,0.09329619407653808,0.0819997787475586,0.10199522972106934,integer infeasible,0.0,0.0,0.0,0.0,0.0,0.0,0.0,0.0,0.0,0.0,0.0,0.0
30.0,5.0,1.0,0.39999999999999997,0.10868909358978271,0.09696125984191895,0.11899828910827637,integer infeasible,0.0,0.0,0.0,0.0,0.0,0.0,0.0,0.0,0.0,0.0,0.0,0.0
30.0,5.0,1.0,0.5,0.12529664039611815,0.11400008201599121,0.14100050926208496,integer infeasible,0.0,0.0,0.0,0.0,0.0,0.0,0.0,0.0,0.0,0.0,0.0,0.0
30.0,5.0,1.0,0.5999999999999999,0.14070022106170654,0.12799954414367676,0.17300105094909668,integer infeasible,0.0,0.0,0.0,0.0,0.0,0.0,0.0,0.0,0.0,0.0,0.0,0.0
30.0,5.0,1.0,0.7000000000000001,0.15820064544677734,0.14999890327453613,0.17000842094421387,integer infeasible,0.0,0.0,0.0,0.0,0.0,0.0,0.0,0.0,0.0,0.0,0.0,0.0
30.0,5.0,1.0,0.7999999999999999,0.1887953758239746,0.1730027198791504,0.20099925994873047,integer infeasible,0.0,0.0,0.0,0.0,0.0,0.0,0.0,0.0,0.0,0.0,0.0,0.0
30.0,5.0,1.0,0.9000000000000001,0.23420917987823486,0.2220010757446289,0.24803972244262695,integer infeasible,0.0,0.0,0.0,0.0,0.0,0.0,0.0,0.0,0.0,0.0,0.0,0.0
30.0,7.0,0.5999999999999999,0.09999999999999999,1.2802996635437012,0.22196340560913086,2.2370007038116455,integer optimal solution,5.1,51999.1,1343.2,13.8,0.0,0.0,0.0,0.8,0.0,35.4,4.8,54.8
30.0,7.0,0.5999999999999999,0.19999999999999998,0.12030262947082519,0.1120138168334961,0.13099980354309082,integer infeasible,0.0,0.0,0.0,0.0,0.0,0.0,0.0,0.0,0.0,0.0,0.0,0.0
30.0,7.0,0.5999999999999999,0.29999999999999993,0.16620275974273682,0.15700054168701172,0.17999649047851562,integer infeasible,0.0,0.0,0.0,0.0,0.0,0.0,0.0,0.0,0.0,0.0,0.0,0.0
30.0,7.0,0.5999999999999999,0.39999999999999997,0.21580126285552978,0.20800065994262695,0.23000049591064453,integer infeasible,0.0,0.0,0.0,0.0,0.0,0.0,0.0,0.0,0.0,0.0,0.0,0.0
30.0,7.0,0.5999999999999999,0.5,0.26429295539855957,0.25099945068359375,0.28400278091430664,integer infeasible,0.0,0.0,0.0,0.0,0.0,0.0,0.0,0.0,0.0,0.0,0.0,0.0
30.0,7.0,0.5999999999999999,0.5999999999999999,0.32269375324249266,0.2980008125305176,0.3600001335144043,integer infeasible,0.0,0.0,0.0,0.0,0.0,0.0,0.0,0.0,0.0,0.0,0.0,0.0
30.0,7.0,0.5999999999999999,0.7000000000000001,0.3344916343688965,0.3229982852935791,0.3529672622680664,integer infeasible,0.0,0.0,0.0,0.0,0.0,0.0,0.0,0.0,0.0,0.0,0.0,0.0
30.0,7.0,0.5999999999999999,0.7999999999999999,0.3793889284133911,0.36096668243408203,0.395000696182251,integer infeasible,0.0,0.0,0.0,0.0,0.0,0.0,0.0,0.0,0.0,0.0,0.0,0.0
30.0,7.0,0.5999999999999999,0.9000000000000001,0.4473966121673584,0.41899943351745605,0.47500109672546387,integer infeasible,0.0,0.0,0.0,0.0,0.0,0.0,0.0,0.0,0.0,0.0,0.0,0.0
30.0,7.0,0.7999999999999999,0.09999999999999999,1.3372010707855224,0.5080001354217529,3.3010001182556152,integer optimal solution,4.9,59524.5,1526.3,12.9,0.0,0.0,0.0,0.5,0.0,29.3,2.8,45.5
30.0,7.0,0.7999999999999999,0.19999999999999998,0.127297043800354,0.11400175094604492,0.15196752548217773,integer infeasible,0.0,0.0,0.0,0.0,0.0,0.0,0.0,0.0,0.0,0.0,0.0,0.0
30.0,7.0,0.7999999999999999,0.29999999999999993,0.17289936542510986,0.1600017547607422,0.2019953727722168,integer infeasible,0.0,0.0,0.0,0.0,0.0,0.0,0.0,0.0,0.0,0.0,0.0,0.0
30.0,7.0,0.7999999999999999,0.39999999999999997,0.20919513702392578,0.20296859741210938,0.222001314163208,integer infeasible,0.0,0.0,0.0,0.0,0.0,0.0,0.0,0.0,0.0,0.0,0.0,0.0
30.0,7.0,0.7999999999999999,0.5,0.2630971670150757,0.24800372123718262,0.28100085258483887,integer infeasible,0.0,0.0,0.0,0.0,0.0,0.0,0.0,0.0,0.0,0.0,0.0,0.0
30.0,7.0,0.7999999999999999,0.5999999999999999,0.3142892599105835,0.29596638679504395,0.3319978713989258,integer infeasible,0.0,0.0,0.0,0.0,0.0,0.0,0.0,0.0,0.0,0.0,0.0,0.0
30.0,7.0,0.7999999999999999,0.7000000000000001,0.33249316215515134,0.32096219062805176,0.3789999485015869,integer infeasible,0.0,0.0,0.0,0.0,0.0,0.0,0.0,0.0,0.0,0.0,0.0,0.0
30.0,7.0,0.7999999999999999,0.7999999999999999,0.3714892387390137,0.3600020408630371,0.3869638442993164,integer infeasible,0.0,0.0,0.0,0.0,0.0,0.0,0.0,0.0,0.0,0.0,0.0,0.0
30.0,7.0,0.7999999999999999,0.9000000000000001,0.43769683837890627,0.4180333614349365,0.4550004005432129,integer infeasible,0.0,0.0,0.0,0.0,0.0,0.0,0.0,0.0,0.0,0.0,0.0,0.0
30.0,7.0,1.0,0.09999999999999999,1.4054967880249023,0.5109620094299316,2.5030012130737305,integer optimal solution,6.3,54655.1,1508.4,14.4,0.0,0.0,0.0,0.9,0.0,32.1,2.8,50.2
30.0,7.0,1.0,0.19999999999999998,0.11589574813842773,0.10900020599365234,0.12299895286560059,integer infeasible,0.0,0.0,0.0,0.0,0.0,0.0,0.0,0.0,0.0,0.0,0.0,0.0
30.0,7.0,1.0,0.29999999999999993,0.16579556465148926,0.1549978256225586,0.18100214004516602,integer infeasible,0.0,0.0,0.0,0.0,0.0,0.0,0.0,0.0,0.0,0.0,0.0,0.0
30.0,7.0,1.0,0.39999999999999997,0.2112880229949951,0.19896292686462402,0.2279648780822754,integer infeasible,0.0,0.0,0.0,0.0,0.0,0.0,0.0,0.0,0.0,0.0,0.0,0.0
30.0,7.0,1.0,0.5,0.2627997875213623,0.24199938774108887,0.28999876976013184,integer infeasible,0.0,0.0,0.0,0.0,0.0,0.0,0.0,0.0,0.0,0.0,0.0,0.0
30.0,7.0,1.0,0.5999999999999999,0.30369346141815184,0.28799867630004883,0.34296417236328125,integer infeasible,0.0,0.0,0.0,0.0,0.0,0.0,0.0,0.0,0.0,0.0,0.0,0.0
30.0,7.0,1.0,0.7000000000000001,0.33759336471557616,0.3190000057220459,0.3599660396575928,integer infeasible,0.0,0.0,0.0,0.0,0.0,0.0,0.0,0.0,0.0,0.0,0.0,0.0
30.0,7.0,1.0,0.7999999999999999,0.3760929346084595,0.36100053787231445,0.38699865341186523,integer infeasible,0.0,0.0,0.0,0.0,0.0,0.0,0.0,0.0,0.0,0.0,0.0,0.0
30.0,7.0,1.0,0.9000000000000001,0.4638997554779053,0.424999475479126,0.572033166885376,integer infeasible,0.0,0.0,0.0,0.0,0.0,0.0,0.0,0.0,0.0,0.0,0.0,0.0
30.0,9.0,0.5999999999999999,0.09999999999999999,2.4745453357696534,0.735999345779419,8.715453624725342,integer optimal solution,8.7,75685.5,2560.6,16.7,0.0,0.0,0.0,0.7,0.0,30.3,1.9,49.6
30.0,9.0,0.5999999999999999,0.19999999999999998,9.49462993144989,5.239838600158691,11.587960958480835,integer infeasible,0.0,138736.8,585.4,77.9,0.0,0.0,0.0,0.0,0.0,20.0,5.9,103.8
30.0,9.0,0.5999999999999999,0.29999999999999993,0.2988221883773804,0.2879648208618164,0.32105207443237305,integer infeasible,0.0,0.0,0.0,0.0,0.0,0.0,0.0,0.0,0.0,0.0,0.0,0.0
30.0,9.0,0.5999999999999999,0.39999999999999997,0.3761832475662231,0.3560018539428711,0.41300177574157715,integer infeasible,0.0,0.0,0.0,0.0,0.0,0.0,0.0,0.0,0.0,0.0,0.0,0.0
30.0,9.0,0.5999999999999999,0.5,0.45929172039031985,0.43199872970581055,0.48800039291381836,integer infeasible,0.0,0.0,0.0,0.0,0.0,0.0,0.0,0.0,0.0,0.0,0.0,0.0
30.0,9.0,0.5999999999999999,0.5999999999999999,0.5390894412994385,0.5139975547790527,0.5870020389556885,integer infeasible,0.0,0.0,0.0,0.0,0.0,0.0,0.0,0.0,0.0,0.0,0.0,0.0
30.0,9.0,0.5999999999999999,0.7000000000000001,0.6167881965637207,0.5899982452392578,0.6409626007080078,integer infeasible,0.0,0.0,0.0,0.0,0.0,0.0,0.0,0.0,0.0,0.0,0.0,0.0
30.0,9.0,0.5999999999999999,0.7999999999999999,0.7085982084274292,0.6739969253540039,0.7669987678527832,integer infeasible,0.0,0.0,0.0,0.0,0.0,0.0,0.0,0.0,0.0,0.0,0.0,0.0
30.0,9.0,0.5999999999999999,0.9000000000000001,0.7761904001235962,0.7440004348754883,0.8189990520477295,integer infeasible,0.0,0.0,0.0,0.0,0.0,0.0,0.0,0.0,0.0,0.0,0.0,0.0
30.0,9.0,0.7999999999999999,0.09999999999999999,2.544899821281433,0.6499969959259033,3.6679980754852295,integer optimal solution,9.2,104085.2,3265.1,20.7,0.0,0.0,0.0,0.5,0.0,29.7,2.7,53.6
30.0,9.0,0.7999999999999999,0.19999999999999998,9.079832100868225,6.013000249862671,10.726998329162598,integer infeasible,0.0,125521.7,526.2,71.4,0.0,0.0,0.0,0.0,0.0,19.7,5.2,96.3
30.0,9.0,0.7999999999999999,0.29999999999999993,0.29626240730285647,0.27500271797180176,0.32961249351501465,integer infeasible,0.0,0.0,0.0,0.0,0.0,0.0,0.0,0.0,0.0,0.0,0.0,0.0
30.0,9.0,0.7999999999999999,0.39999999999999997,0.37130041122436525,0.35300326347351074,0.42400050163269043,integer infeasible,0.0,0.0,0.0,0.0,0.0,0.0,0.0,0.0,0.0,0.0,0.0,0.0
30.0,9.0,0.7999999999999999,0.5,0.4438849687576294,0.4259662628173828,0.4589667320251465,integer infeasible,0.0,0.0,0.0,0.0,0.0,0.0,0.0,0.0,0.0,0.0,0.0,0.0
30.0,9.0,0.7999999999999999,0.5999999999999999,0.527790641784668,0.5089671611785889,0.5470004081726074,integer infeasible,0.0,0.0,0.0,0.0,0.0,0.0,0.0,0.0,0.0,0.0,0.0,0.0
30.0,9.0,0.7999999999999999,0.7000000000000001,0.620100450515747,0.5929985046386719,0.6570274829864502,integer infeasible,0.0,0.0,0.0,0.0,0.0,0.0,0.0,0.0,0.0,0.0,0.0,0.0
30.0,9.0,0.7999999999999999,0.7999999999999999,0.6800988435745239,0.6629974842071533,0.6980025768280029,integer infeasible,0.0,0.0,0.0,0.0,0.0,0.0,0.0,0.0,0.0,0.0,0.0,0.0
30.0,9.0,0.7999999999999999,0.9000000000000001,0.8065013647079468,0.7460024356842041,0.8470010757446289,integer infeasible,0.0,0.0,0.0,0.0,0.0,0.0,0.0,0.0,0.0,0.0,0.0,0.0
30.0,9.0,1.0,0.09999999999999999,2.0225564002990724,0.9769980907440186,3.567998170852661,integer optimal solution,8.7,65843.0,2043.5,22.2,0.0,0.0,0.0,0.2,0.0,36.2,3.7,62.3
30.0,9.0,1.0,0.19999999999999998,8.869382095336913,6.514998435974121,10.644003629684448,integer infeasible,0.0,127332.4,540.7,71.4,0.0,0.0,0.0,0.0,0.0,21.0,5.2,97.6
30.0,9.0,1.0,0.29999999999999993,0.3021965265274048,0.28299427032470703,0.33500170707702637,integer infeasible,0.0,0.0,0.0,0.0,0.0,0.0,0.0,0.0,0.0,0.0,0.0,0.0
30.0,9.0,1.0,0.39999999999999997,0.3760890245437622,0.3679962158203125,0.3959968090057373,integer infeasible,0.0,0.0,0.0,0.0,0.0,0.0,0.0,0.0,0.0,0.0,0.0,0.0
30.0,9.0,1.0,0.5,0.4598004579544067,0.4430203437805176,0.4779970645904541,integer infeasible,0.0,0.0,0.0,0.0,0.0,0.0,0.0,0.0,0.0,0.0,0.0,0.0
30.0,9.0,1.0,0.5999999999999999,0.5373979330062866,0.5220012664794922,0.5559992790222168,integer infeasible,0.0,0.0,0.0,0.0,0.0,0.0,0.0,0.0,0.0,0.0,0.0,0.0
30.0,9.0,1.0,0.7000000000000001,0.6239999055862426,0.6099984645843506,0.6479959487915039,integer infeasible,0.0,0.0,0.0,0.0,0.0,0.0,0.0,0.0,0.0,0.0,0.0,0.0
30.0,9.0,1.0,0.7999999999999999,0.7393994331359863,0.7109990119934082,0.7780001163482666,integer infeasible,0.0,0.0,0.0,0.0,0.0,0.0,0.0,0.0,0.0,0.0,0.0,0.0
30.0,9.0,1.0,0.9000000000000001,0.8016918182373047,0.7530064582824707,0.8549971580505371,integer infeasible,0.0,0.0,0.0,0.0,0.0,0.0,0.0,0.0,0.0,0.0,0.0,0.0
40.0,3.0,0.5999999999999999,0.09999999999999999,0.0256014347076416,0.02099895477294922,0.030997753143310547,integer infeasible,0.0,0.0,0.0,0.0,0.0,0.0,0.0,0.0,0.0,0.0,0.0,0.0
40.0,3.0,0.5999999999999999,0.19999999999999998,0.04040055274963379,0.03300142288208008,0.047998905181884766,integer infeasible,0.0,0.0,0.0,0.0,0.0,0.0,0.0,0.0,0.0,0.0,0.0,0.0
40.0,3.0,0.5999999999999999,0.29999999999999993,0.051402950286865236,0.046997785568237305,0.05800175666809082,integer infeasible,0.0,0.0,0.0,0.0,0.0,0.0,0.0,0.0,0.0,0.0,0.0,0.0
40.0,3.0,0.5999999999999999,0.39999999999999997,0.06430363655090332,0.057000160217285156,0.07799744606018066,integer infeasible,0.0,0.0,0.0,0.0,0.0,0.0,0.0,0.0,0.0,0.0,0.0,0.0
40.0,3.0,0.5999999999999999,0.5,0.07700028419494628,0.07200145721435547,0.0840003490447998,integer infeasible,0.0,0.0,0.0,0.0,0.0,0.0,0.0,0.0,0.0,0.0,0.0,0.0
40.0,3.0,0.5999999999999999,0.5999999999999999,0.0964970588684082,0.08699917793273926,0.10400176048278809,integer infeasible,0.0,0.0,0.0,0.0,0.0,0.0,0.0,0.0,0.0,0.0,0.0,0.0
40.0,3.0,0.5999999999999999,0.7000000000000001,0.1091012954711914,0.09600377082824707,0.11999917030334473,integer infeasible,0.0,0.0,0.0,0.0,0.0,0.0,0.0,0.0,0.0,0.0,0.0,0.0
40.0,3.0,0.5999999999999999,0.7999999999999999,0.12189714908599854,0.11299657821655273,0.14000201225280762,integer infeasible,0.0,0.0,0.0,0.0,0.0,0.0,0.0,0.0,0.0,0.0,0.0,0.0
40.0,3.0,0.5999999999999999,0.9000000000000001,0.12069592475891114,0.10399866104125977,0.13399934768676758,integer infeasible,0.0,0.0,0.0,0.0,0.0,0.0,0.0,0.0,0.0,0.0,0.0,0.0
40.0,3.0,0.7999999999999999,0.09999999999999999,0.026998686790466308,0.02100086212158203,0.038995981216430664,integer infeasible,0.0,0.0,0.0,0.0,0.0,0.0,0.0,0.0,0.0,0.0,0.0,0.0
40.0,3.0,0.7999999999999999,0.19999999999999998,0.03779959678649902,0.03299999237060547,0.04700160026550293,integer infeasible,0.0,0.0,0.0,0.0,0.0,0.0,0.0,0.0,0.0,0.0,0.0,0.0
40.0,3.0,0.7999999999999999,0.29999999999999993,0.05570054054260254,0.04800081253051758,0.06599593162536621,integer infeasible,0.0,0.0,0.0,0.0,0.0,0.0,0.0,0.0,0.0,0.0,0.0,0.0
40.0,3.0,0.7999999999999999,0.39999999999999997,0.06429603099822997,0.0559992790222168,0.07500314712524414,integer infeasible,0.0,0.0,0.0,0.0,0.0,0.0,0.0,0.0,0.0,0.0,0.0,0.0
40.0,3.0,0.7999999999999999,0.5,0.07999916076660156,0.07100057601928711,0.10400390625,integer infeasible,0.0,0.0,0.0,0.0,0.0,0.0,0.0,0.0,0.0,0.0,0.0,0.0
40.0,3.0,0.7999999999999999,0.5999999999999999,0.0955002784729004,0.08503317832946777,0.11099839210510254,integer infeasible,0.0,0.0,0.0,0.0,0.0,0.0,0.0,0.0,0.0,0.0,0.0,0.0
40.0,3.0,0.7999999999999999,0.7000000000000001,0.10509686470031739,0.10099554061889648,0.11400270462036133,integer infeasible,0.0,0.0,0.0,0.0,0.0,0.0,0.0,0.0,0.0,0.0,0.0,0.0
40.0,3.0,0.7999999999999999,0.7999999999999999,0.11918766498565674,0.10300087928771973,0.13300037384033203,integer infeasible,0.0,0.0,0.0,0.0,0.0,0.0,0.0,0.0,0.0,0.0,0.0,0.0
40.0,3.0,0.7999999999999999,0.9000000000000001,0.11600315570831299,0.10599684715270996,0.12604665756225586,integer infeasible,0.0,0.0,0.0,0.0,0.0,0.0,0.0,0.0,0.0,0.0,0.0,0.0
40.0,3.0,1.0,0.09999999999999999,0.026492619514465333,0.023966312408447266,0.028964757919311523,integer infeasible,0.0,0.0,0.0,0.0,0.0,0.0,0.0,0.0,0.0,0.0,0.0,0.0
40.0,3.0,1.0,0.19999999999999998,0.03750364780426026,0.03499746322631836,0.042000770568847656,integer infeasible,0.0,0.0,0.0,0.0,0.0,0.0,0.0,0.0,0.0,0.0,0.0,0.0
40.0,3.0,1.0,0.29999999999999993,0.04910421371459961,0.04600095748901367,0.054001808166503906,integer infeasible,0.0,0.0,0.0,0.0,0.0,0.0,0.0,0.0,0.0,0.0,0.0,0.0
40.0,3.0,1.0,0.39999999999999997,0.06470093727111817,0.057031869888305664,0.07399964332580566,integer infeasible,0.0,0.0,0.0,0.0,0.0,0.0,0.0,0.0,0.0,0.0,0.0,0.0
40.0,3.0,1.0,0.5,0.07769908905029296,0.07199764251708984,0.08699893951416016,integer infeasible,0.0,0.0,0.0,0.0,0.0,0.0,0.0,0.0,0.0,0.0,0.0,0.0
40.0,3.0,1.0,0.5999999999999999,0.0906052827835083,0.0820009708404541,0.1030433177947998,integer infeasible,0.0,0.0,0.0,0.0,0.0,0.0,0.0,0.0,0.0,0.0,0.0,0.0
40.0,3.0,1.0,0.7000000000000001,0.11369814872741699,0.09696602821350098,0.14296889305114746,integer infeasible,0.0,0.0,0.0,0.0,0.0,0.0,0.0,0.0,0.0,0.0,0.0,0.0
40.0,3.0,1.0,0.7999999999999999,0.1154977798461914,0.10599970817565918,0.1340024471282959,integer infeasible,0.0,0.0,0.0,0.0,0.0,0.0,0.0,0.0,0.0,0.0,0.0,0.0
40.0,3.0,1.0,0.9000000000000001,0.11388998031616211,0.09996199607849121,0.13100004196166992,integer infeasible,0.0,0.0,0.0,0.0,0.0,0.0,0.0,0.0,0.0,0.0,0.0,0.0
40.0,5.0,0.5999999999999999,0.09999999999999999,0.06690039634704589,0.062000274658203125,0.07700300216674805,integer infeasible,0.0,0.0,0.0,0.0,0.0,0.0,0.0,0.0,0.0,0.0,0.0,0.0
40.0,5.0,0.5999999999999999,0.19999999999999998,0.11158990859985352,0.10200071334838867,0.12596702575683594,integer infeasible,0.0,0.0,0.0,0.0,0.0,0.0,0.0,0.0,0.0,0.0,0.0,0.0
40.0,5.0,0.5999999999999999,0.29999999999999993,0.16219618320465087,0.15000247955322266,0.1790010929107666,integer infeasible,0.0,0.0,0.0,0.0,0.0,0.0,0.0,0.0,0.0,0.0,0.0,0.0
40.0,5.0,0.5999999999999999,0.39999999999999997,0.1968966007232666,0.18999791145324707,0.20800304412841797,integer infeasible,0.0,0.0,0.0,0.0,0.0,0.0,0.0,0.0,0.0,0.0,0.0,0.0
40.0,5.0,0.5999999999999999,0.5,0.23909595012664794,0.22096037864685059,0.2729954719543457,integer infeasible,0.0,0.0,0.0,0.0,0.0,0.0,0.0,0.0,0.0,0.0,0.0,0.0
40.0,5.0,0.5999999999999999,0.5999999999999999,0.270589017868042,0.25803041458129883,0.28800010681152344,integer infeasible,0.0,0.0,0.0,0.0,0.0,0.0,0.0,0.0,0.0,0.0,0.0,0.0
40.0,5.0,0.5999999999999999,0.7000000000000001,0.3226020812988281,0.30700135231018066,0.34702229499816895,integer infeasible,0.0,0.0,0.0,0.0,0.0,0.0,0.0,0.0,0.0,0.0,0.0,0.0
40.0,5.0,0.5999999999999999,0.7999999999999999,0.4100043296813965,0.3900027275085449,0.4419991970062256,integer infeasible,0.0,0.0,0.0,0.0,0.0,0.0,0.0,0.0,0.0,0.0,0.0,0.0
40.0,5.0,0.5999999999999999,0.9000000000000001,0.547292971611023,0.5229637622833252,0.5969972610473633,integer infeasible,0.0,0.0,0.0,0.0,0.0,0.0,0.0,0.0,0.0,0.0,0.0,0.0
40.0,5.0,0.7999999999999999,0.09999999999999999,0.06519989967346192,0.059999704360961914,0.07199692726135254,integer infeasible,0.0,0.0,0.0,0.0,0.0,0.0,0.0,0.0,0.0,0.0,0.0,0.0
40.0,5.0,0.7999999999999999,0.19999999999999998,0.11928935050964355,0.10599851608276367,0.13599848747253418,integer infeasible,0.0,0.0,0.0,0.0,0.0,0.0,0.0,0.0,0.0,0.0,0.0,0.0
40.0,5.0,0.7999999999999999,0.29999999999999993,0.15319488048553467,0.1459653377532959,0.15800142288208008,integer infeasible,0.0,0.0,0.0,0.0,0.0,0.0,0.0,0.0,0.0,0.0,0.0,0.0
40.0,5.0,0.7999999999999999,0.39999999999999997,0.19929664134979247,0.18300223350524902,0.21196937561035156,integer infeasible,0.0,0.0,0.0,0.0,0.0,0.0,0.0,0.0,0.0,0.0,0.0,0.0
40.0,5.0,0.7999999999999999,0.5,0.22998600006103515,0.21396446228027344,0.2499992847442627,integer infeasible,0.0,0.0,0.0,0.0,0.0,0.0,0.0,0.0,0.0,0.0,0.0,0.0
40.0,5.0,0.7999999999999999,0.5999999999999999,0.2691030502319336,0.2590022087097168,0.27899694442749023,integer infeasible,0.0,0.0,0.0,0.0,0.0,0.0,0.0,0.0,0.0,0.0,0.0,0.0
40.0,5.0,0.7999999999999999,0.7000000000000001,0.32609593868255615,0.31400036811828613,0.3479602336883545,integer infeasible,0.0,0.0,0.0,0.0,0.0,0.0,0.0,0.0,0.0,0.0,0.0,0.0
40.0,5.0,0.7999999999999999,0.7999999999999999,0.4049986362457275,0.3820006847381592,0.4380021095275879,integer infeasible,0.0,0.0,0.0,0.0,0.0,0.0,0.0,0.0,0.0,0.0,0.0,0.0
40.0,5.0,0.7999999999999999,0.9000000000000001,0.5554871797561646,0.5030002593994141,0.6109671592712402,integer infeasible,0.0,0.0,0.0,0.0,0.0,0.0,0.0,0.0,0.0,0.0,0.0,0.0
40.0,5.0,1.0,0.09999999999999999,0.06339726448059083,0.061000823974609375,0.0669698715209961,integer infeasible,0.0,0.0,0.0,0.0,0.0,0.0,0.0,0.0,0.0,0.0,0.0,0.0
40.0,5.0,1.0,0.19999999999999998,0.11049830913543701,0.10100102424621582,0.12500381469726562,integer infeasible,0.0,0.0,0.0,0.0,0.0,0.0,0.0,0.0,0.0,0.0,0.0,0.0
40.0,5.0,1.0,0.29999999999999993,0.15660545825958253,0.1530008316040039,0.16799688339233398,integer infeasible,0.0,0.0,0.0,0.0,0.0,0.0,0.0,0.0,0.0,0.0,0.0,0.0
40.0,5.0,1.0,0.39999999999999997,0.2022002935409546,0.1770021915435791,0.2319931983947754,integer infeasible,0.0,0.0,0.0,0.0,0.0,0.0,0.0,0.0,0.0,0.0,0.0,0.0
40.0,5.0,1.0,0.5,0.22939763069152833,0.21400117874145508,0.2540004253387451,integer infeasible,0.0,0.0,0.0,0.0,0.0,0.0,0.0,0.0,0.0,0.0,0.0,0.0
40.0,5.0,1.0,0.5999999999999999,0.27038862705230715,0.2549619674682617,0.2830028533935547,integer infeasible,0.0,0.0,0.0,0.0,0.0,0.0,0.0,0.0,0.0,0.0,0.0,0.0
40.0,5.0,1.0,0.7000000000000001,0.3366931200027466,0.3099992275238037,0.3549983501434326,integer infeasible,0.0,0.0,0.0,0.0,0.0,0.0,0.0,0.0,0.0,0.0,0.0,0.0
40.0,5.0,1.0,0.7999999999999999,0.425396203994751,0.40400123596191406,0.4419972896575928,integer infeasible,0.0,0.0,0.0,0.0,0.0,0.0,0.0,0.0,0.0,0.0,0.0,0.0
40.0,5.0,1.0,0.9000000000000001,0.5584891319274903,0.5119674205780029,0.603992223739624,integer infeasible,0.0,0.0,0.0,0.0,0.0,0.0,0.0,0.0,0.0,0.0,0.0,0.0
40.0,7.0,0.5999999999999999,0.09999999999999999,25.35280478000641,11.516872882843018,65.0081832408905,integer infeasible,0.0,1029382.0,8220.2,36.0,0.1,0.0,0.0,0.9,0.0,33.1,12.7,82.8
40.0,7.0,0.5999999999999999,0.19999999999999998,0.24700384140014647,0.23014116287231445,0.27389073371887207,integer infeasible,0.0,0.0,0.0,0.0,0.0,0.0,0.0,0.0,0.0,0.0,0.0,0.0
40.0,7.0,0.5999999999999999,0.29999999999999993,0.34869112968444826,0.3300008773803711,0.37300658226013184,integer infeasible,0.0,0.0,0.0,0.0,0.0,0.0,0.0,0.0,0.0,0.0,0.0,0.0
40.0,7.0,0.5999999999999999,0.39999999999999997,0.43300206661224366,0.40903306007385254,0.46500539779663086,integer infeasible,0.0,0.0,0.0,0.0,0.0,0.0,0.0,0.0,0.0,0.0,0.0,0.0
40.0,7.0,0.5999999999999999,0.5,0.5324990272521972,0.5169997215270996,0.5730314254760742,integer infeasible,0.0,0.0,0.0,0.0,0.0,0.0,0.0,0.0,0.0,0.0,0.0,0.0
40.0,7.0,0.5999999999999999,0.5999999999999999,0.6135915517807007,0.5639641284942627,0.6549937725067139,integer infeasible,0.0,0.0,0.0,0.0,0.0,0.0,0.0,0.0,0.0,0.0,0.0,0.0
40.0,7.0,0.5999999999999999,0.7000000000000001,0.6918949127197266,0.6699979305267334,0.7179598808288574,integer infeasible,0.0,0.0,0.0,0.0,0.0,0.0,0.0,0.0,0.0,0.0,0.0,0.0
40.0,7.0,0.5999999999999999,0.7999999999999999,0.8119004011154175,0.7640011310577393,0.8410012722015381,integer infeasible,0.0,0.0,0.0,0.0,0.0,0.0,0.0,0.0,0.0,0.0,0.0,0.0
40.0,7.0,0.5999999999999999,0.9000000000000001,1.0405003786087037,0.9530007839202881,1.1070022583007812,integer infeasible,0.0,0.0,0.0,0.0,0.0,0.0,0.0,0.0,0.0,0.0,0.0,0.0
40.0,7.0,0.7999999999999999,0.09999999999999999,34.69517982006073,14.905998706817627,68.13120436668396,integer infeasible,0.0,1383538.0,11791.9,37.5,0.1,0.0,0.0,0.5,0.0,35.9,11.3,85.3
40.0,7.0,0.7999999999999999,0.19999999999999998,0.2373894453048706,0.21996736526489258,0.27699923515319824,integer infeasible,0.0,0.0,0.0,0.0,0.0,0.0,0.0,0.0,0.0,0.0,0.0,0.0
40.0,7.0,0.7999999999999999,0.29999999999999993,0.34198846817016604,0.32495784759521484,0.37596631050109863,integer infeasible,0.0,0.0,0.0,0.0,0.0,0.0,0.0,0.0,0.0,0.0,0.0,0.0
40.0,7.0,0.7999999999999999,0.39999999999999997,0.44779417514801023,0.41499948501586914,0.5389986038208008,integer infeasible,0.0,0.0,0.0,0.0,0.0,0.0,0.0,0.0,0.0,0.0,0.0,0.0
40.0,7.0,0.7999999999999999,0.5,0.5453027963638306,0.5270013809204102,0.5759997367858887,integer infeasible,0.0,0.0,0.0,0.0,0.0,0.0,0.0,0.0,0.0,0.0,0.0,0.0
40.0,7.0,0.7999999999999999,0.5999999999999999,0.6541050910949707,0.5819993019104004,0.8139932155609131,integer infeasible,0.0,0.0,0.0,0.0,0.0,0.0,0.0,0.0,0.0,0.0,0.0,0.0
40.0,7.0,0.7999999999999999,0.7000000000000001,0.6936071395874024,0.6789939403533936,0.7050309181213379,integer infeasible,0.0,0.0,0.0,0.0,0.0,0.0,0.0,0.0,0.0,0.0,0.0,0.0
40.0,7.0,0.7999999999999999,0.7999999999999999,0.8415976524353027,0.8050038814544678,0.8909997940063477,integer infeasible,0.0,0.0,0.0,0.0,0.0,0.0,0.0,0.0,0.0,0.0,0.0,0.0
40.0,7.0,0.7999999999999999,0.9000000000000001,1.0333011865615844,0.9800007343292236,1.1250007152557373,integer infeasible,0.0,0.0,0.0,0.0,0.0,0.0,0.0,0.0,0.0,0.0,0.0,0.0
40.0,7.0,1.0,0.09999999999999999,28.439429306983946,12.126998662948608,69.07238602638245,integer infeasible,0.0,1140003.5,9583.0,38.4,0.0,0.0,0.0,0.6,0.0,36.5,12.6,88.1
40.0,7.0,1.0,0.19999999999999998,0.23399026393890382,0.21996641159057617,0.25499939918518066,integer infeasible,0.0,0.0,0.0,0.0,0.0,0.0,0.0,0.0,0.0,0.0,0.0,0.0
40.0,7.0,1.0,0.29999999999999993,0.3349963665008545,0.3269641399383545,0.3540005683898926,integer infeasible,0.0,0.0,0.0,0.0,0.0,0.0,0.0,0.0,0.0,0.0,0.0,0.0
40.0,7.0,1.0,0.39999999999999997,0.4423876523971558,0.4089996814727783,0.4920005798339844,integer infeasible,0.0,0.0,0.0,0.0,0.0,0.0,0.0,0.0,0.0,0.0,0.0,0.0
40.0,7.0,1.0,0.5,0.5413026332855224,0.5180003643035889,0.5660021305084229,integer infeasible,0.0,0.0,0.0,0.0,0.0,0.0,0.0,0.0,0.0,0.0,0.0,0.0
40.0,7.0,1.0,0.5999999999999999,0.6132928371429444,0.573998212814331,0.6509993076324463,integer infeasible,0.0,0.0,0.0,0.0,0.0,0.0,0.0,0.0,0.0,0.0,0.0,0.0
40.0,7.0,1.0,0.7000000000000001,0.709894061088562,0.6679885387420654,0.7649641036987305,integer infeasible,0.0,0.0,0.0,0.0,0.0,0.0,0.0,0.0,0.0,0.0,0.0,0.0
40.0,7.0,1.0,0.7999999999999999,0.8220876932144165,0.7619726657867432,0.8779997825622559,integer infeasible,0.0,0.0,0.0,0.0,0.0,0.0,0.0,0.0,0.0,0.0,0.0,0.0
40.0,7.0,1.0,0.9000000000000001,1.011386466026306,0.9459640979766846,1.2059657573699951,integer infeasible,0.0,0.0,0.0,0.0,0.0,0.0,0.0,0.0,0.0,0.0,0.0,0.0
40.0,9.0,0.5999999999999999,0.09999999999999999,618.0650450706482,477.0820002555847,840.3550016880035,integer optimal solution,6.8,24678119.1,367205.6,57.1,0.5,0.0,0.0,2.4,0.0,40.1,25.2,125.3
40.0,9.0,0.5999999999999999,0.19999999999999998,12.491795969009399,9.469977378845215,21.459003686904907,integer infeasible,0.0,21270.5,33.1,86.3,0.0,0.0,0.0,0.0,0.0,13.7,0.5,100.5
40.0,9.0,0.5999999999999999,0.29999999999999993,0.5306805610656739,0.5049846172332764,0.5830023288726807,integer infeasible,0.0,0.0,0.0,0.0,0.0,0.0,0.0,0.0,0.0,0.0,0.0,0.0
40.0,9.0,0.5999999999999999,0.39999999999999997,0.6957902669906616,0.6639940738677979,0.7800331115722656,integer infeasible,0.0,0.0,0.0,0.0,0.0,0.0,0.0,0.0,0.0,0.0,0.0,0.0
40.0,9.0,0.5999999999999999,0.5,0.850582766532898,0.807969331741333,0.9569966793060303,integer infeasible,0.0,0.0,0.0,0.0,0.0,0.0,0.0,0.0,0.0,0.0,0.0,0.0
40.0,9.0,0.5999999999999999,0.5999999999999999,1.056386399269104,0.9679980278015137,1.2480006217956543,integer infeasible,0.0,0.0,0.0,0.0,0.0,0.0,0.0,0.0,0.0,0.0,0.0,0.0
40.0,9.0,0.5999999999999999,0.7000000000000001,2.4992997884750365,1.2799983024597168,4.150998830795288,integer infeasible,0.0,0.0,0.0,0.0,0.0,0.0,0.0,0.0,0.0,0.0,0.0,0.0
40.0,9.0,0.5999999999999999,0.7999999999999999,1.8971999168395997,1.746001958847046,2.2569985389709473,integer infeasible,0.0,0.0,0.0,0.0,0.0,0.0,0.0,0.0,0.0,0.0,0.0,0.0
40.0,9.0,0.5999999999999999,0.9000000000000001,2.097398829460144,1.9259982109069824,2.541999340057373,integer infeasible,0.0,0.0,0.0,0.0,0.0,0.0,0.0,0.0,0.0,0.0,0.0,0.0
40.0,9.0,0.7999999999999999,0.09999999999999999,2840.147573208809,359.3940005302429,21563.47494316101,integer optimal solution,6.2,28138503.6,417302.5,57.8,0.4,0.0,0.0,2.6,0.0,38.4,35.7,134.9
40.0,9.0,0.7999999999999999,0.19999999999999998,13.018479228019714,8.358999729156494,21.993999004364014,integer infeasible,0.0,21249.6,39.5,79.4,0.0,0.0,0.0,0.0,0.0,38.4,1.2,119.0
40.0,9.0,0.7999999999999999,0.29999999999999993,0.5495834589004517,0.517000675201416,0.5909683704376221,integer infeasible,0.0,0.0,0.0,0.0,0.0,0.0,0.0,0.0,0.0,0.0,0.0,0.0
40.0,9.0,0.7999999999999999,0.39999999999999997,0.7214922666549682,0.6630263328552246,0.8020026683807373,integer infeasible,0.0,0.0,0.0,0.0,0.0,0.0,0.0,0.0,0.0,0.0,0.0,0.0
40.0,9.0,0.7999999999999999,0.5,0.8617831707000733,0.8169679641723633,0.9039645195007324,integer infeasible,0.0,0.0,0.0,0.0,0.0,0.0,0.0,0.0,0.0,0.0,0.0,0.0
40.0,9.0,0.7999999999999999,0.5999999999999999,1.015273928642273,0.9589691162109375,1.0849990844726562,integer infeasible,0.0,0.0,0.0,0.0,0.0,0.0,0.0,0.0,0.0,0.0,0.0,0.0
40.0,9.0,0.7999999999999999,0.7000000000000001,1.2378798484802247,1.141965627670288,1.4269757270812988,integer infeasible,0.0,0.0,0.0,0.0,0.0,0.0,0.0,0.0,0.0,0.0,0.0,0.0
40.0,9.0,0.7999999999999999,0.7999999999999999,1.3696858882904053,1.2879712581634521,1.4579663276672363,integer infeasible,0.0,0.0,0.0,0.0,0.0,0.0,0.0,0.0,0.0,0.0,0.0,0.0
40.0,9.0,0.7999999999999999,0.9000000000000001,1.5590767860412598,1.4750030040740967,1.5989646911621094,integer infeasible,0.0,0.0,0.0,0.0,0.0,0.0,0.0,0.0,0.0,0.0,0.0,0.0
40.0,9.0,1.0,0.09999999999999999,979.7118320465088,401.2984926700592,3338.3029975891113,integer optimal solution,6.8,37018196.1,572564.6,55.8,0.7,0.0,0.0,2.2,0.0,40.4,26.3,125.4
40.0,9.0,1.0,0.19999999999999998,13.630372571945191,10.420965194702148,19.888965129852295,integer infeasible,0.0,18879.0,27.3,84.9,0.0,0.0,0.0,0.0,0.0,18.7,0.3,103.9
40.0,9.0,1.0,0.29999999999999993,0.546890115737915,0.5310161113739014,0.6120009422302246,integer infeasible,0.0,0.0,0.0,0.0,0.0,0.0,0.0,0.0,0.0,0.0,0.0,0.0
40.0,9.0,1.0,0.39999999999999997,0.7377084016799926,0.6850333213806152,0.7750053405761719,integer infeasible,0.0,0.0,0.0,0.0,0.0,0.0,0.0,0.0,0.0,0.0,0.0,0.0
40.0,9.0,1.0,0.5,0.868897819519043,0.8309810161590576,0.9099950790405273,integer infeasible,0.0,0.0,0.0,0.0,0.0,0.0,0.0,0.0,0.0,0.0,0.0,0.0
40.0,9.0,1.0,0.5999999999999999,1.0077710390090941,0.9759640693664551,1.0620009899139404,integer infeasible,0.0,0.0,0.0,0.0,0.0,0.0,0.0,0.0,0.0,0.0,0.0,0.0
40.0,9.0,1.0,0.7000000000000001,1.2006836175918578,1.133965253829956,1.2789642810821533,integer infeasible,0.0,0.0,0.0,0.0,0.0,0.0,0.0,0.0,0.0,0.0,0.0,0.0
40.0,9.0,1.0,0.7999999999999999,1.3333944797515869,1.2829647064208984,1.3909912109375,integer infeasible,0.0,0.0,0.0,0.0,0.0,0.0,0.0,0.0,0.0,0.0,0.0,0.0
40.0,9.0,1.0,0.9000000000000001,1.5775733947753907,1.5119702816009521,1.6519651412963867,integer infeasible,0.0,0.0,0.0,0.0,0.0,0.0,0.0,0.0,0.0,0.0,0.0,0.0
